job_title,job url,company_title,job_location,job_date
Python Developer,https://www.linkedin.com/jobs/view/python-developer-at-artemis-consulting-inc-3634173083?refId=5UF5Dq9ItCQCmWrmYvFDCA%3D%3D&trackingId=QZ%2F65yhiin88YoplG8SPlg%3D%3D&position=1&pageNum=0&trk=public_jobs_jserp-result_search-card,"Artemis Consulting, Inc.","Texas, United States",1 day ago
Python Developer,https://www.linkedin.com/jobs/view/python-developer-at-artemis-consulting-inc-3634173083?refId=5UF5Dq9ItCQCmWrmYvFDCA%3D%3D&trackingId=QZ%2F65yhiin88YoplG8SPlg%3D%3D&position=1&pageNum=0&trk=public_jobs_jserp-result_search-card,"Artemis Consulting, Inc.","Texas, United States",1 day ago
Python Developer,https://www.linkedin.com/jobs/view/python-developer-at-artemis-consulting-inc-3634175070?refId=5UF5Dq9ItCQCmWrmYvFDCA%3D%3D&trackingId=1VESCCnmouEO1DvYSLjUxQ%3D%3D&position=3&pageNum=0&trk=public_jobs_jserp-result_search-card,"Artemis Consulting, Inc.","Virginia, United States",1 day ago
Python Developer,https://www.linkedin.com/jobs/view/python-developer-at-artemis-consulting-inc-3634170560?refId=5UF5Dq9ItCQCmWrmYvFDCA%3D%3D&trackingId=CQNi%2BM7%2FwXp%2Fp6j12sSdTw%3D%3D&position=4&pageNum=0&trk=public_jobs_jserp-result_search-card,"Artemis Consulting, Inc.","Maryland, United States",1 day ago
Python Data Engineer/Developer â€“ Freelance,https://www.linkedin.com/jobs/view/python-data-engineer-developer-%E2%80%93-freelance-at-good-thoughts-3630961910?refId=5UF5Dq9ItCQCmWrmYvFDCA%3D%3D&trackingId=%2BzUc2l9jcKl9J8thPsNUGg%3D%3D&position=5&pageNum=0&trk=public_jobs_jserp-result_search-card,Good Thoughts,"Fort Lauderdale, FL",3 hours ago
Python Web Developer,https://www.linkedin.com/jobs/view/python-web-developer-at-kmk-consulting-inc-3630332579?refId=5UF5Dq9ItCQCmWrmYvFDCA%3D%3D&trackingId=qzG6HhYf3eM1yGfTE6qVFQ%3D%3D&position=6&pageNum=0&trk=public_jobs_jserp-result_search-card,KMK Consulting Inc.,"New Jersey, United States",1 day ago
Python Developer,https://www.linkedin.com/jobs/view/python-developer-at-blockwork-it-3635956281?refId=5UF5Dq9ItCQCmWrmYvFDCA%3D%3D&trackingId=dalNZz0hOl03mT%2FhwuKk8g%3D%3D&position=7&pageNum=0&trk=public_jobs_jserp-result_search-card,Blockwork IT,"Boston, MA",53 minutes ago
Full Stack Developer (Python) - Remote,https://www.linkedin.com/jobs/view/full-stack-developer-python-remote-at-monetizemore-3632854871?refId=5UF5Dq9ItCQCmWrmYvFDCA%3D%3D&trackingId=1IGCDe2f4wF6CZDGPghbbA%3D%3D&position=8&pageNum=0&trk=public_jobs_jserp-result_search-card,MonetizeMore,United States,4 days ago
Senior Python Software Engineer - Security,https://www.linkedin.com/jobs/view/senior-python-software-engineer-security-at-bloomberg-3635749110?refId=5UF5Dq9ItCQCmWrmYvFDCA%3D%3D&trackingId=Slcb55OK%2FcUgV6ggIwM4ug%3D%3D&position=9&pageNum=0&trk=public_jobs_jserp-result_search-card,Bloomberg,"New York, NY",8 hours ago
Python/R Quantitative Developer,https://www.linkedin.com/jobs/view/python-r-quantitative-developer-at-aegis-hedging-3632567824?refId=5UF5Dq9ItCQCmWrmYvFDCA%3D%3D&trackingId=Jtg7QaYrqgl1vR1isPljcg%3D%3D&position=10&pageNum=0&trk=public_jobs_jserp-result_search-card,AEGIS Hedging,"The Woodlands, TX",1 day ago
Python Developer,https://www.linkedin.com/jobs/view/python-developer-at-technology-ventures-3634133409?refId=5UF5Dq9ItCQCmWrmYvFDCA%3D%3D&trackingId=PQvQ7ZQXFo9%2F6gLKIG7%2BgA%3D%3D&position=11&pageNum=0&trk=public_jobs_jserp-result_search-card,Technology Ventures,"McLean, VA",12 hours ago
PYTHON DEVELOPER,https://www.linkedin.com/jobs/view/python-developer-at-tekishub-consulting-services-3634182028?refId=5UF5Dq9ItCQCmWrmYvFDCA%3D%3D&trackingId=%2BxecK%2FmNr%2FGssF9f7GS3yA%3D%3D&position=12&pageNum=0&trk=public_jobs_jserp-result_search-card,TekisHub Consulting Services,"Madison, WI",9 hours ago
Python Developer,https://www.linkedin.com/jobs/view/python-developer-at-quantumbricks-3633713919?refId=5UF5Dq9ItCQCmWrmYvFDCA%3D%3D&trackingId=hP6O%2FMzy03oj4KsAZaZS3w%3D%3D&position=13&pageNum=0&trk=public_jobs_jserp-result_search-card,QuantumBricks,"Charlotte, NC",20 hours ago
"Urgent Hiring // Python developer // Mountain View, CA // Full time",https://www.linkedin.com/jobs/view/urgent-hiring-python-developer-mountain-view-ca-full-time-at-clps-global-3629586547?refId=5UF5Dq9ItCQCmWrmYvFDCA%3D%3D&trackingId=RMVbm16Q3QJPnlVCJDHp2g%3D%3D&position=14&pageNum=0&trk=public_jobs_jserp-result_search-card,CLPS Global,"Mountain View, CA",3 days ago
Python Developer,https://www.linkedin.com/jobs/view/python-developer-at-diamondpick-3634132562?refId=5UF5Dq9ItCQCmWrmYvFDCA%3D%3D&trackingId=%2BR4mv7HZG1xfx3WraWyiCQ%3D%3D&position=15&pageNum=0&trk=public_jobs_jserp-result_search-card,Diamondpick,"Dallas, TX",12 hours ago
Python Developer,https://www.linkedin.com/jobs/view/python-developer-at-diamondpick-3634128728?refId=5UF5Dq9ItCQCmWrmYvFDCA%3D%3D&trackingId=MDltHeBDF4Dbf%2Bh1v2FYrA%3D%3D&position=16&pageNum=0&trk=public_jobs_jserp-result_search-card,Diamondpick,"Dallas, TX",13 hours ago
Python Developer [Job ID 20230612],https://www.linkedin.com/jobs/view/python-developer-job-id-20230612-at-phoenix-cyber-3634657973?refId=5UF5Dq9ItCQCmWrmYvFDCA%3D%3D&trackingId=gANBP49hN%2BgIxHtLVoaTeA%3D%3D&position=17&pageNum=0&trk=public_jobs_jserp-result_search-card,Phoenix Cyber,"Denver, CO",1 day ago
Python Developer,https://www.linkedin.com/jobs/view/python-developer-at-nucleusteq-3635915286?refId=5UF5Dq9ItCQCmWrmYvFDCA%3D%3D&trackingId=eqKZDYKx4OtdNsCSf3YAow%3D%3D&position=18&pageNum=0&trk=public_jobs_jserp-result_search-card,NucleusTeq,"New York, United States",3 weeks ago
Python Developers,https://www.linkedin.com/jobs/view/python-developers-at-the-josef-group-inc-3634486457?refId=5UF5Dq9ItCQCmWrmYvFDCA%3D%3D&trackingId=uMXZe6BH7Iu%2BTQEbkDqvQg%3D%3D&position=19&pageNum=0&trk=public_jobs_jserp-result_search-card,The Josef Group Inc.,"Chantilly, VA",1 day ago
Python Full Stack Developer,https://www.linkedin.com/jobs/view/python-full-stack-developer-at-quantumbricks-3633739061?refId=5UF5Dq9ItCQCmWrmYvFDCA%3D%3D&trackingId=vfMT4Uu0qfFoCQ4l5BAfjw%3D%3D&position=20&pageNum=0&trk=public_jobs_jserp-result_search-card,QuantumBricks,"Twinsburg, OH",19 hours ago
Python Developer [Job ID 20230612],https://www.linkedin.com/jobs/view/python-developer-job-id-20230612-at-phoenix-cyber-3634657983?refId=5UF5Dq9ItCQCmWrmYvFDCA%3D%3D&trackingId=%2BwzkH7JlTCLzQr6SXwCdGg%3D%3D&position=21&pageNum=0&trk=public_jobs_jserp-result_search-card,Phoenix Cyber,"Seattle, WA",1 day ago
Software Engineer,https://www.linkedin.com/jobs/view/software-engineer-at-broad-institute-of-mit-and-harvard-3635789846?refId=5UF5Dq9ItCQCmWrmYvFDCA%3D%3D&trackingId=L2U3q627KB%2BVdAclSPzh5A%3D%3D&position=22&pageNum=0&trk=public_jobs_jserp-result_search-card,Broad Institute of MIT and Harvard,"Cambridge, MA",4 hours ago
Python Developer [Job ID 20230612],https://www.linkedin.com/jobs/view/python-developer-job-id-20230612-at-phoenix-cyber-3634661284?refId=5UF5Dq9ItCQCmWrmYvFDCA%3D%3D&trackingId=bfmxmMvtqpexOqk9qcRd5g%3D%3D&position=23&pageNum=0&trk=public_jobs_jserp-result_search-card,Phoenix Cyber,"Chicago, IL",1 day ago
Python Developer III,https://www.linkedin.com/jobs/view/python-developer-iii-at-compunnel-inc-3635752027?refId=TW1vgC0GezS9MN2%2FCtHdwQ%3D%3D&trackingId=QSBNQGbr21KFEPh4yPNkbg%3D%3D&position=1&pageNum=1&trk=public_jobs_jserp-result_search-card,Compunnel Inc.,"Twinsburg, OH",1 day ago
Python Developer [Job ID 20230612],https://www.linkedin.com/jobs/view/python-developer-job-id-20230612-at-phoenix-cyber-3634663034?refId=TW1vgC0GezS9MN2%2FCtHdwQ%3D%3D&trackingId=4MSE6kTUn8OrDRLeDa3kRA%3D%3D&position=2&pageNum=1&trk=public_jobs_jserp-result_search-card,Phoenix Cyber,"Dallas, TX",1 day ago
Software Engineer (Python),https://www.linkedin.com/jobs/view/software-engineer-python-at-diamondpick-3634132467?refId=TW1vgC0GezS9MN2%2FCtHdwQ%3D%3D&trackingId=itXKWL0ayjBwDm2IWobHjQ%3D%3D&position=3&pageNum=1&trk=public_jobs_jserp-result_search-card,Diamondpick,"Richmond, VA",13 hours ago
Python Developer [Job ID 20230612],https://www.linkedin.com/jobs/view/python-developer-job-id-20230612-at-phoenix-cyber-3634656886?refId=TW1vgC0GezS9MN2%2FCtHdwQ%3D%3D&trackingId=EM06IuwlsA3cOisRBkcayw%3D%3D&position=4&pageNum=1&trk=public_jobs_jserp-result_search-card,Phoenix Cyber,"Miami, FL",1 day ago
Python developer,https://www.linkedin.com/jobs/view/python-developer-at-erpmark-inc-3633751457?refId=TW1vgC0GezS9MN2%2FCtHdwQ%3D%3D&trackingId=vtNCutHT%2Bv7nhpu6iFc5lA%3D%3D&position=5&pageNum=1&trk=public_jobs_jserp-result_search-card,ERPMARK INC,"Pittsburgh, PA",17 hours ago
Python Developer [Job ID 20230612],https://www.linkedin.com/jobs/view/python-developer-job-id-20230612-at-phoenix-cyber-3634664130?refId=TW1vgC0GezS9MN2%2FCtHdwQ%3D%3D&trackingId=Qtp20uFvPgymhWR0Nux%2BeA%3D%3D&position=6&pageNum=1&trk=public_jobs_jserp-result_search-card,Phoenix Cyber,"Phoenix, AZ",1 day ago
Sr. Python Developer,https://www.linkedin.com/jobs/view/sr-python-developer-at-compunnel-inc-3635449057?refId=TW1vgC0GezS9MN2%2FCtHdwQ%3D%3D&trackingId=BrvEdZ322Rxmq%2FeoDoQVGw%3D%3D&position=7&pageNum=1&trk=public_jobs_jserp-result_search-card,Compunnel Inc.,"Durham, NC",11 hours ago
Python Developer,https://www.linkedin.com/jobs/view/python-developer-at-mintex-tech-3635276835?refId=TW1vgC0GezS9MN2%2FCtHdwQ%3D%3D&trackingId=Oidzb%2FnGNiKS90MliLUDuw%3D%3D&position=8&pageNum=1&trk=public_jobs_jserp-result_search-card,Mintex Tech,"Pittsburgh, PA",5 hours ago
Python Developer with Java,https://www.linkedin.com/jobs/view/python-developer-with-java-at-software-technology-inc-3633018779?refId=TW1vgC0GezS9MN2%2FCtHdwQ%3D%3D&trackingId=KlUMnCK3M1k5F%2FQK2H6EZA%3D%3D&position=9&pageNum=1&trk=public_jobs_jserp-result_search-card,Software Technology Inc.,"Wilmington, DE",1 day ago
Remote - Python Developer,https://www.linkedin.com/jobs/view/remote-python-developer-at-techfetch-com-on-demand-tech-workforce-hiring-platform-3635920905?refId=TW1vgC0GezS9MN2%2FCtHdwQ%3D%3D&trackingId=njTwcgLTMZ7L9zhhRKQv7Q%3D%3D&position=10&pageNum=1&trk=public_jobs_jserp-result_search-card,TechFetch.com - On Demand Tech Workforce hiring platform,"Home, KS",2 hours ago
Python Software Engineer 2,https://www.linkedin.com/jobs/view/python-software-engineer-2-at-pacific-northwest-national-laboratory-3630902481?refId=TW1vgC0GezS9MN2%2FCtHdwQ%3D%3D&trackingId=pD9jNPv6SgT%2Fi0FwHEtfVA%3D%3D&position=11&pageNum=1&trk=public_jobs_jserp-result_search-card,Pacific Northwest National Laboratory,"Richland, WA",12 hours ago
Database + Python Dev,https://www.linkedin.com/jobs/view/database-%2B-python-dev-at-blue-ocean-ventures-3630904815?refId=TW1vgC0GezS9MN2%2FCtHdwQ%3D%3D&trackingId=auz0IgYL7W6FEPApo28YUA%3D%3D&position=12&pageNum=1&trk=public_jobs_jserp-result_search-card,Blue Ocean Ventures,"California, United States",12 hours ago
Software Engineer II (General Application),https://www.linkedin.com/jobs/view/software-engineer-ii-general-application-at-flexport-3634316250?refId=TW1vgC0GezS9MN2%2FCtHdwQ%3D%3D&trackingId=zZ4C7zmA%2FNlLD6ZWDw0zog%3D%3D&position=13&pageNum=1&trk=public_jobs_jserp-result_search-card,Flexport,"San Francisco, CA",3 hours ago
Python Developer [Job ID 20230612],https://www.linkedin.com/jobs/view/python-developer-job-id-20230612-at-phoenix-cyber-3634661539?refId=TW1vgC0GezS9MN2%2FCtHdwQ%3D%3D&trackingId=S7Xk67zFdpkjSZXlEEU0oQ%3D%3D&position=14&pageNum=1&trk=public_jobs_jserp-result_search-card,Phoenix Cyber,"Atlanta, GA",1 day ago
Python Developer 23-03448,https://www.linkedin.com/jobs/view/python-developer-23-03448-at-genesis10-3630373722?refId=TW1vgC0GezS9MN2%2FCtHdwQ%3D%3D&trackingId=HtDxQNWxvirOrvbqDs6TvA%3D%3D&position=15&pageNum=1&trk=public_jobs_jserp-result_search-card,Genesis10,New York City Metropolitan Area,15 hours ago
Senior Developer - Data Engineer (AWS/Python/Node),https://www.linkedin.com/jobs/view/senior-developer-data-engineer-aws-python-node-at-intevity-3634155893?refId=TW1vgC0GezS9MN2%2FCtHdwQ%3D%3D&trackingId=GEMWQGSADTNg4AOOLg6ylA%3D%3D&position=16&pageNum=1&trk=public_jobs_jserp-result_search-card,Intevity,"Burlington, MA",1 day ago
Software Engineer,https://www.linkedin.com/jobs/view/software-engineer-at-marketcast-3635932572?refId=TW1vgC0GezS9MN2%2FCtHdwQ%3D%3D&trackingId=pI%2B1ZIrOFkpMFw41Q8tDvQ%3D%3D&position=17&pageNum=1&trk=public_jobs_jserp-result_search-card,MarketCast,Greater Indianapolis,2 hours ago
Python Developer [Job ID 20230612],https://www.linkedin.com/jobs/view/python-developer-job-id-20230612-at-phoenix-cyber-3634661517?refId=TW1vgC0GezS9MN2%2FCtHdwQ%3D%3D&trackingId=8GdBOk%2FWN6gy0foXoeLVpg%3D%3D&position=18&pageNum=1&trk=public_jobs_jserp-result_search-card,Phoenix Cyber,"Washington, DC",1 day ago
Python Developer,https://www.linkedin.com/jobs/view/python-developer-at-diverse-lynx-3630970104?refId=TW1vgC0GezS9MN2%2FCtHdwQ%3D%3D&trackingId=72hIt5B%2BaqZmlQgPJIpwmw%3D%3D&position=19&pageNum=1&trk=public_jobs_jserp-result_search-card,Diverse Lynx,"Raleigh, NC",3 hours ago
AI/ML Engineer,https://www.linkedin.com/jobs/view/ai-ml-engineer-at-elevance-health-3635201514?refId=TW1vgC0GezS9MN2%2FCtHdwQ%3D%3D&trackingId=W3vqqMxTJoInA6ftUrGCrQ%3D%3D&position=20&pageNum=1&trk=public_jobs_jserp-result_search-card,Elevance Health,Greater Houston,3 weeks ago
AI/ML Engineer,https://www.linkedin.com/jobs/view/ai-ml-engineer-at-elevance-health-3635203472?refId=TW1vgC0GezS9MN2%2FCtHdwQ%3D%3D&trackingId=wi035Sx745URR%2FHgtzoqjQ%3D%3D&position=21&pageNum=1&trk=public_jobs_jserp-result_search-card,Elevance Health,"Nashville, TN",3 weeks ago
Python Developer,https://www.linkedin.com/jobs/view/python-developer-at-orc-middleware-test-company-3630349896?refId=TW1vgC0GezS9MN2%2FCtHdwQ%3D%3D&trackingId=wq2ogs76gaz5yEoos%2FUslw%3D%3D&position=22&pageNum=1&trk=public_jobs_jserp-result_search-card,ORC Middleware Test Company,"Chicago, IL",3 weeks ago
Senior Python Engineer,https://www.linkedin.com/jobs/view/senior-python-engineer-at-nexus-corporation-3635284140?refId=TW1vgC0GezS9MN2%2FCtHdwQ%3D%3D&trackingId=LnSM3IGQJDc7dhdfgf5UxA%3D%3D&position=23&pageNum=1&trk=public_jobs_jserp-result_search-card,Nexus Corporation,"Austin, TX",18 hours ago
Junior Python Developer-US/Canada,https://www.linkedin.com/jobs/view/junior-python-developer-us-canada-at-patterned-learning-ai-3635235027?refId=TW1vgC0GezS9MN2%2FCtHdwQ%3D%3D&trackingId=p3gOm0vW4fXc7rrsMRZvfQ%3D%3D&position=24&pageNum=1&trk=public_jobs_jserp-result_search-card,Patterned Learning AI,"New York, NY",20 hours ago
AI/ML Engineer,https://www.linkedin.com/jobs/view/ai-ml-engineer-at-elevance-health-3634994615?refId=TW1vgC0GezS9MN2%2FCtHdwQ%3D%3D&trackingId=xbz%2F64IzDv3VinEFys4iqQ%3D%3D&position=25&pageNum=1&trk=public_jobs_jserp-result_search-card,Elevance Health,"Louisville, KY",3 weeks ago
Trading Technology | Software Engineer,https://www.linkedin.com/jobs/view/trading-technology-software-engineer-at-selby-jennings-3635569310?refId=kf29GGvD6SfRpohyDbU0HA%3D%3D&trackingId=MrwzLamShTbJo0d63QTNKA%3D%3D&position=1&pageNum=2&trk=public_jobs_jserp-result_search-card,Selby Jennings,New York City Metropolitan Area,11 hours ago
Python Developer,https://www.linkedin.com/jobs/view/python-developer-at-orc-middleware-test-company-3630346984?refId=kf29GGvD6SfRpohyDbU0HA%3D%3D&trackingId=88E4Jx%2Fn0QWaD4nhMiCcJQ%3D%3D&position=2&pageNum=2&trk=public_jobs_jserp-result_search-card,ORC Middleware Test Company,"Sacramento, CA",3 weeks ago
Software Engineer,https://www.linkedin.com/jobs/view/software-engineer-at-check-3634151944?refId=kf29GGvD6SfRpohyDbU0HA%3D%3D&trackingId=EQdaBMSkaigd1i%2FMXBxOhQ%3D%3D&position=3&pageNum=2&trk=public_jobs_jserp-result_search-card,Check,"San Francisco, CA",11 hours ago
Backend Engineer (Python/AWS),https://www.linkedin.com/jobs/view/backend-engineer-python-aws-at-quindar-3630843312?refId=kf29GGvD6SfRpohyDbU0HA%3D%3D&trackingId=vtZ6UWg5E%2FTmu2tyWmSipg%3D%3D&position=4&pageNum=2&trk=public_jobs_jserp-result_search-card,Quindar,"Denver, CO",4 days ago
AI/ML Engineer,https://www.linkedin.com/jobs/view/ai-ml-engineer-at-elevance-health-3634998872?refId=kf29GGvD6SfRpohyDbU0HA%3D%3D&trackingId=xJmUESLpZCu%2BvbhlGRpUNQ%3D%3D&position=5&pageNum=2&trk=public_jobs_jserp-result_search-card,Elevance Health,"Arlington, VA",3 weeks ago
AI/ML Engineer,https://www.linkedin.com/jobs/view/ai-ml-engineer-at-elevance-health-3635200227?refId=kf29GGvD6SfRpohyDbU0HA%3D%3D&trackingId=1gCmWq458UYgLq34edpotA%3D%3D&position=6&pageNum=2&trk=public_jobs_jserp-result_search-card,Elevance Health,"Miami Lakes, FL",3 weeks ago
AI/ML Engineer,https://www.linkedin.com/jobs/view/ai-ml-engineer-at-elevance-health-3634999308?refId=kf29GGvD6SfRpohyDbU0HA%3D%3D&trackingId=Xqh2jmno1X2tjrOF2WiaHw%3D%3D&position=7&pageNum=2&trk=public_jobs_jserp-result_search-card,Elevance Health,"Grand Prairie, TX",3 weeks ago
AI/ML Engineer,https://www.linkedin.com/jobs/view/ai-ml-engineer-at-elevance-health-3635202898?refId=kf29GGvD6SfRpohyDbU0HA%3D%3D&trackingId=E6t6K7tMxeiEnkv21br%2F2Q%3D%3D&position=8&pageNum=2&trk=public_jobs_jserp-result_search-card,Elevance Health,"Columbus, OH",3 weeks ago
Python AWS with FLASK,https://www.linkedin.com/jobs/view/python-aws-with-flask-at-diverse-lynx-3635953219?refId=kf29GGvD6SfRpohyDbU0HA%3D%3D&trackingId=igB0WL6XaYLR7JYXaGy3qA%3D%3D&position=9&pageNum=2&trk=public_jobs_jserp-result_search-card,Diverse Lynx,"New York, NY",3 weeks ago
Jr. Software Engineer,https://www.linkedin.com/jobs/view/jr-software-engineer-at-benefitfocus-3635748797?refId=kf29GGvD6SfRpohyDbU0HA%3D%3D&trackingId=ohrd1uf5NHzcpU74P3XcwA%3D%3D&position=10&pageNum=2&trk=public_jobs_jserp-result_search-card,Benefitfocus,"Boston, MA",8 hours ago
AI/ML Engineer,https://www.linkedin.com/jobs/view/ai-ml-engineer-at-elevance-health-3634999723?refId=kf29GGvD6SfRpohyDbU0HA%3D%3D&trackingId=nA3UBmztX%2BPzjl%2F8UbjdGQ%3D%3D&position=11&pageNum=2&trk=public_jobs_jserp-result_search-card,Elevance Health,"Mason, OH",3 weeks ago
Entry Level - Data Entry Coordinator / Full-TIme (Remote),https://www.linkedin.com/jobs/view/entry-level-data-entry-coordinator-full-time-remote-at-innovo-llc-3634238118?refId=kf29GGvD6SfRpohyDbU0HA%3D%3D&trackingId=HwHpC61B3HRo7T8leYIF%2Fg%3D%3D&position=12&pageNum=2&trk=public_jobs_jserp-result_search-card,Innovo LLC,"Philadelphia, PA",1 day ago
Data Engineer,https://www.linkedin.com/jobs/view/data-engineer-at-spacex-3634302709?refId=kf29GGvD6SfRpohyDbU0HA%3D%3D&trackingId=RoV3oVFRxfeyjp%2FrA%2BgwOg%3D%3D&position=13&pageNum=2&trk=public_jobs_jserp-result_search-card,SpaceX,"Redmond, WA",5 hours ago
Jr. Software Engineer,https://www.linkedin.com/jobs/view/jr-software-engineer-at-benefitfocus-3635752431?refId=kf29GGvD6SfRpohyDbU0HA%3D%3D&trackingId=z7VavbgD29ImD%2FDeDC%2Bvig%3D%3D&position=14&pageNum=2&trk=public_jobs_jserp-result_search-card,Benefitfocus,"Austin, TX",8 hours ago
Data Scientist,https://www.linkedin.com/jobs/view/data-scientist-at-milwaukee-brewers-3635572010?refId=kf29GGvD6SfRpohyDbU0HA%3D%3D&trackingId=uHySRzEDuJZ1M5aQ18Xy1A%3D%3D&position=15&pageNum=2&trk=public_jobs_jserp-result_search-card,Milwaukee Brewers,"Milwaukee, WI",3 weeks ago
Data Science & AI - ML Internship (Unpaid),https://www.linkedin.com/jobs/view/data-science-ai-ml-internship-unpaid-at-agile-datapro-3634611015?refId=kf29GGvD6SfRpohyDbU0HA%3D%3D&trackingId=yVFeMDlu8LLQG4bZgPKV1g%3D%3D&position=16&pageNum=2&trk=public_jobs_jserp-result_search-card,Agile Datapro,"San Jose, CA",1 day ago
AI/ML Engineer,https://www.linkedin.com/jobs/view/ai-ml-engineer-at-elevance-health-3634994334?refId=kf29GGvD6SfRpohyDbU0HA%3D%3D&trackingId=OU%2FNMF%2BaT4ozF%2B%2ByZdXApw%3D%3D&position=17&pageNum=2&trk=public_jobs_jserp-result_search-card,Elevance Health,"Seven Fields, PA",3 weeks ago
Jr. Software Engineer,https://www.linkedin.com/jobs/view/jr-software-engineer-at-benefitfocus-3635755079?refId=kf29GGvD6SfRpohyDbU0HA%3D%3D&trackingId=%2Fz0hbAGPONqRFOhSFPpnoA%3D%3D&position=18&pageNum=2&trk=public_jobs_jserp-result_search-card,Benefitfocus,"Raleigh, NC",8 hours ago
Jr. Software Engineer,https://www.linkedin.com/jobs/view/jr-software-engineer-at-benefitfocus-3635754307?refId=kf29GGvD6SfRpohyDbU0HA%3D%3D&trackingId=zgzOxOsHmu0WvMT%2FNOQSMg%3D%3D&position=19&pageNum=2&trk=public_jobs_jserp-result_search-card,Benefitfocus,"Atlanta, GA",8 hours ago
Python with AWS,https://www.linkedin.com/jobs/view/python-with-aws-at-diverse-lynx-3635952327?refId=kf29GGvD6SfRpohyDbU0HA%3D%3D&trackingId=IraD7mplaWY4hBjqgiZ2eg%3D%3D&position=20&pageNum=2&trk=public_jobs_jserp-result_search-card,Diverse Lynx,"Albany, New York Metropolitan Area",3 weeks ago
Machine Learning Software Engineer,https://www.linkedin.com/jobs/view/machine-learning-software-engineer-at-enterprise-minds-inc-3634202856?refId=kf29GGvD6SfRpohyDbU0HA%3D%3D&trackingId=xycHI6J1sX9QljzFVzNzfA%3D%3D&position=21&pageNum=2&trk=public_jobs_jserp-result_search-card,"Enterprise Minds, Inc","Mountain View, CA",1 day ago
Python Developer,https://www.linkedin.com/jobs/view/python-developer-at-dice-3635267743?refId=kf29GGvD6SfRpohyDbU0HA%3D%3D&trackingId=iFSJaQIjorDX3gJXjoTD8A%3D%3D&position=22&pageNum=2&trk=public_jobs_jserp-result_search-card,Dice,"Lafayette, LA",56 minutes ago
Python Developer (Entry Level),https://www.linkedin.com/jobs/view/python-developer-entry-level-at-patterned-learning-ai-3634263932?refId=kf29GGvD6SfRpohyDbU0HA%3D%3D&trackingId=R9gFFoRow8PaxTU76EDP2g%3D%3D&position=23&pageNum=2&trk=public_jobs_jserp-result_search-card,Patterned Learning AI,"New York, NY",1 day ago
AWS Engineer - Python & ETL (REMOTE),https://www.linkedin.com/jobs/view/aws-engineer-python-etl-remote-at-dragonfli-group-3630388944?refId=kf29GGvD6SfRpohyDbU0HA%3D%3D&trackingId=PIgmWQzvQwiiDVSDEBYZLQ%3D%3D&position=24&pageNum=2&trk=public_jobs_jserp-result_search-card,Dragonfli Group,"Washington, DC",13 hours ago
AI/ML Engineer,https://www.linkedin.com/jobs/view/ai-ml-engineer-at-elevance-health-3634995728?refId=kf29GGvD6SfRpohyDbU0HA%3D%3D&trackingId=iMdX%2FD2zCudJ7aFSBJP3mg%3D%3D&position=25&pageNum=2&trk=public_jobs_jserp-result_search-card,Elevance Health,"Virginia Beach, VA",3 weeks ago
AI/ML Engineer,https://www.linkedin.com/jobs/view/ai-ml-engineer-at-elevance-health-3634992784?refId=D7S5FtJA9KCB7i68SXT96A%3D%3D&trackingId=eerEHqpxB4ac7sjuJA0qDg%3D%3D&position=1&pageNum=3&trk=public_jobs_jserp-result_search-card,Elevance Health,"Hermitage, PA",3 weeks ago
AI/ML Engineer,https://www.linkedin.com/jobs/view/ai-ml-engineer-at-elevance-health-3635201944?refId=D7S5FtJA9KCB7i68SXT96A%3D%3D&trackingId=Z%2BNYInNPeyw%2BGlxWD4UJ4A%3D%3D&position=2&pageNum=3&trk=public_jobs_jserp-result_search-card,Elevance Health,"Roanoke, VA",3 weeks ago
Data Scientist,https://www.linkedin.com/jobs/view/data-scientist-at-dci-solutions-3635483848?refId=D7S5FtJA9KCB7i68SXT96A%3D%3D&trackingId=317PsLUzJa2klR51oPOJ0Q%3D%3D&position=3&pageNum=3&trk=public_jobs_jserp-result_search-card,DCI Solutions,"Aberdeen, MD",15 hours ago
Jr. Software Engineer,https://www.linkedin.com/jobs/view/jr-software-engineer-at-benefitfocus-3635751445?refId=D7S5FtJA9KCB7i68SXT96A%3D%3D&trackingId=aP01wNXXYIO5ZhzYIBKZhQ%3D%3D&position=4&pageNum=3&trk=public_jobs_jserp-result_search-card,Benefitfocus,"Charlotte, NC",8 hours ago
Python Backend Developer,https://www.linkedin.com/jobs/view/python-backend-developer-at-diverse-lynx-3635939620?refId=D7S5FtJA9KCB7i68SXT96A%3D%3D&trackingId=9LFqo8z8WWAovr9ozeZqaQ%3D%3D&position=5&pageNum=3&trk=public_jobs_jserp-result_search-card,Diverse Lynx,"San Jose, CA",3 weeks ago
"Python Automation Developer-Location: MTV, CA (Only local profiles)",https://www.linkedin.com/jobs/view/python-automation-developer-location-mtv-ca-only-local-profiles-at-nexwave-3628984224?refId=D7S5FtJA9KCB7i68SXT96A%3D%3D&trackingId=9uw7E9%2FDBSdfT5%2B4bnbgLA%3D%3D&position=6&pageNum=3&trk=public_jobs_jserp-result_search-card,Nexwave,"Mountain View, CA",3 days ago
Private Python Tutor - Remote | WFH,https://www.linkedin.com/jobs/view/private-python-tutor-remote-wfh-at-get-it-recruit-educational-services-3628376763?refId=D7S5FtJA9KCB7i68SXT96A%3D%3D&trackingId=L4aUXa44Wec5ThgXNUtbRQ%3D%3D&position=7&pageNum=3&trk=public_jobs_jserp-result_search-card,Get It Recruit - Educational Services,"Los Angeles, CA",3 days ago
Jr. Software Engineer,https://www.linkedin.com/jobs/view/jr-software-engineer-at-benefitfocus-3635751472?refId=D7S5FtJA9KCB7i68SXT96A%3D%3D&trackingId=8HAWPwSVuxdjp76dKb3poQ%3D%3D&position=8&pageNum=3&trk=public_jobs_jserp-result_search-card,Benefitfocus,United States,8 hours ago
Python Developer,https://www.linkedin.com/jobs/view/python-developer-at-diverse-lynx-3635946797?refId=D7S5FtJA9KCB7i68SXT96A%3D%3D&trackingId=OfMhb0yccbJ5iSumh3am%2BA%3D%3D&position=9&pageNum=3&trk=public_jobs_jserp-result_search-card,Diverse Lynx,"San Jose, CA",3 weeks ago
Python Developer for (Robotic) Networks and Automation,https://www.linkedin.com/jobs/view/python-developer-for-robotic-networks-and-automation-at-diverse-lynx-3627193867?refId=D7S5FtJA9KCB7i68SXT96A%3D%3D&trackingId=k3GD2NbtXMGPJeRVmh%2Bp%2Bg%3D%3D&position=10&pageNum=3&trk=public_jobs_jserp-result_search-card,Diverse Lynx,"Sunnyvale, CA",5 days ago
Software Engineer (Crawling/Reverse Engineering),https://www.linkedin.com/jobs/view/software-engineer-crawling-reverse-engineering-at-cyberjin-3634660858?refId=D7S5FtJA9KCB7i68SXT96A%3D%3D&trackingId=C6oc5fnEAT4QVji%2BUXbZaQ%3D%3D&position=11&pageNum=3&trk=public_jobs_jserp-result_search-card,Cyberjin,"Tampa, FL",1 day ago
AI/ML Engineer,https://www.linkedin.com/jobs/view/ai-ml-engineer-at-elevance-health-3635201395?refId=D7S5FtJA9KCB7i68SXT96A%3D%3D&trackingId=GDa2Wa5xRamNrPLfCiS5yw%3D%3D&position=12&pageNum=3&trk=public_jobs_jserp-result_search-card,Elevance Health,"Tampa, FL",3 weeks ago
Python AWS DevOps Developer,https://www.linkedin.com/jobs/view/python-aws-devops-developer-at-ait-global-inc-3628984209?refId=D7S5FtJA9KCB7i68SXT96A%3D%3D&trackingId=bPWRTIE1ehVImu66ukV0jg%3D%3D&position=13&pageNum=3&trk=public_jobs_jserp-result_search-card,AIT Global Inc.,"Plano, TX",3 days ago
Data Engineer 3 with Python,https://www.linkedin.com/jobs/view/data-engineer-3-with-python-at-compunnel-inc-3635749393?refId=D7S5FtJA9KCB7i68SXT96A%3D%3D&trackingId=NNTf6MOPsCa1E0%2Bk9Os1hw%3D%3D&position=14&pageNum=3&trk=public_jobs_jserp-result_search-card,Compunnel Inc.,"Peoria, IL",1 day ago
Python AWS DevOps Developer,https://www.linkedin.com/jobs/view/python-aws-devops-developer-at-software-technology-inc-3632563724?refId=D7S5FtJA9KCB7i68SXT96A%3D%3D&trackingId=hQI0FyxOUbkhFjrnxxC6cA%3D%3D&position=15&pageNum=3&trk=public_jobs_jserp-result_search-card,Software Technology Inc.,"Plano, TX",1 day ago
Python Developer,https://www.linkedin.com/jobs/view/python-developer-at-diverse-lynx-3635943695?refId=D7S5FtJA9KCB7i68SXT96A%3D%3D&trackingId=NzCK0CtSbBAlMcfJ%2Bb4kXw%3D%3D&position=16&pageNum=3&trk=public_jobs_jserp-result_search-card,Diverse Lynx,"Walnut Creek, CA",3 weeks ago
"Software Engineer, Tools",https://www.linkedin.com/jobs/view/software-engineer-tools-at-warner-bros-discovery-3635949644?refId=D7S5FtJA9KCB7i68SXT96A%3D%3D&trackingId=kCRIJX6pU6hM4C9H960vfg%3D%3D&position=17&pageNum=3&trk=public_jobs_jserp-result_search-card,Warner Bros. Discovery,"Austin, TX",1 hour ago
Data Scientist (Real-time Ops),https://www.linkedin.com/jobs/view/data-scientist-real-time-ops-at-gridware-3635543605?refId=D7S5FtJA9KCB7i68SXT96A%3D%3D&trackingId=YJswmHOd3Py5pHdSivDaMA%3D%3D&position=18&pageNum=3&trk=public_jobs_jserp-result_search-card,Gridware,"Walnut Creek, CA",1 day ago
Python Developer,https://www.linkedin.com/jobs/view/python-developer-at-diverse-lynx-3635944830?refId=D7S5FtJA9KCB7i68SXT96A%3D%3D&trackingId=5A4v%2FCQdq6p1hZ1wciwJCw%3D%3D&position=19&pageNum=3&trk=public_jobs_jserp-result_search-card,Diverse Lynx,"Waukesha, WI",3 weeks ago
Data Analyst,https://www.linkedin.com/jobs/view/data-analyst-at-rohrer-corporation-3634667215?refId=D7S5FtJA9KCB7i68SXT96A%3D%3D&trackingId=s8UlqEMHIQXXaQ53w23ESA%3D%3D&position=20&pageNum=3&trk=public_jobs_jserp-result_search-card,Rohrer Corporation,"Wadsworth, OH",2 days ago
Senior AWS Python Developer,https://www.linkedin.com/jobs/view/senior-aws-python-developer-at-cbts-3629585072?refId=D7S5FtJA9KCB7i68SXT96A%3D%3D&trackingId=R%2BqbpKDKBLtygERo6lqlcQ%3D%3D&position=21&pageNum=3&trk=public_jobs_jserp-result_search-card,CBTS,"Danbury, CT",1 day ago
"Software Engineer II, AI Research",https://www.linkedin.com/jobs/view/software-engineer-ii-ai-research-at-dataminr-3635420190?refId=D7S5FtJA9KCB7i68SXT96A%3D%3D&trackingId=WAJ4FE64xsrQ1aeGnee3MQ%3D%3D&position=22&pageNum=3&trk=public_jobs_jserp-result_search-card,Dataminr,"New York, United States",13 hours ago
Data Analyst,https://www.linkedin.com/jobs/view/data-analyst-at-r-t-moore-3635258219?refId=D7S5FtJA9KCB7i68SXT96A%3D%3D&trackingId=qw%2FQ2dI9%2FzVKoQfsRgME5A%3D%3D&position=23&pageNum=3&trk=public_jobs_jserp-result_search-card,R.T. Moore,"Indianapolis, IN",19 hours ago
Python Developer,https://www.linkedin.com/jobs/view/python-developer-at-diverse-lynx-3635946509?refId=D7S5FtJA9KCB7i68SXT96A%3D%3D&trackingId=dEkF1RH6v2GHWidNxTWfWw%3D%3D&position=24&pageNum=3&trk=public_jobs_jserp-result_search-card,Diverse Lynx,"South San Francisco, CA",3 weeks ago
AI/ML Engineer,https://www.linkedin.com/jobs/view/ai-ml-engineer-at-elevance-health-3634992830?refId=D7S5FtJA9KCB7i68SXT96A%3D%3D&trackingId=OOSuvnuM9diycNTIV%2ByQDA%3D%3D&position=25&pageNum=3&trk=public_jobs_jserp-result_search-card,Elevance Health,Greater Jefferson City Area,3 weeks ago
Python Backend Developer,https://www.linkedin.com/jobs/view/python-backend-developer-at-diverse-lynx-3635952082?refId=imlaX%2FtXMbZqGdLo7QRb7g%3D%3D&trackingId=A%2F%2FidwmeSSSCRPOkEU1XdA%3D%3D&position=1&pageNum=4&trk=public_jobs_jserp-result_search-card,Diverse Lynx,"San Jose, CA",3 weeks ago
Python/PySpark Developer,https://www.linkedin.com/jobs/view/python-pyspark-developer-at-diverse-lynx-3635947644?refId=imlaX%2FtXMbZqGdLo7QRb7g%3D%3D&trackingId=Ymx5uFD9FcJYbI5DoeD2PA%3D%3D&position=2&pageNum=4&trk=public_jobs_jserp-result_search-card,Diverse Lynx,"Irving, TX",3 weeks ago
Senior AWS Python Developer,https://www.linkedin.com/jobs/view/senior-aws-python-developer-at-cbts-3629586030?refId=imlaX%2FtXMbZqGdLo7QRb7g%3D%3D&trackingId=IoLpL0rD%2BPCZ7XsNDxPDSA%3D%3D&position=3&pageNum=4&trk=public_jobs_jserp-result_search-card,CBTS,"Naperville, IL",1 day ago
Backend Developer,https://www.linkedin.com/jobs/view/backend-developer-at-sabree-software-services-inc-s3-3635549267?refId=imlaX%2FtXMbZqGdLo7QRb7g%3D%3D&trackingId=C7I%2FFY3I25K9LJtCBQFJcg%3D%3D&position=4&pageNum=4&trk=public_jobs_jserp-result_search-card,"Sabree Software Services, Inc. (S3)","Reston, VA",11 hours ago
AI/ML Engineer,https://www.linkedin.com/jobs/view/ai-ml-engineer-at-elevance-health-3635203594?refId=imlaX%2FtXMbZqGdLo7QRb7g%3D%3D&trackingId=mN5I5AvpuMrCeafcxIhVyA%3D%3D&position=5&pageNum=4&trk=public_jobs_jserp-result_search-card,Elevance Health,"Chesapeake, VA",3 weeks ago
Python Developer,https://www.linkedin.com/jobs/view/python-developer-at-diverse-lynx-3635953803?refId=imlaX%2FtXMbZqGdLo7QRb7g%3D%3D&trackingId=40rdMAQuJFqFfBHf7lb2%2Bw%3D%3D&position=6&pageNum=4&trk=public_jobs_jserp-result_search-card,Diverse Lynx,"San Jose, CA",3 weeks ago
Data Analyst,https://www.linkedin.com/jobs/view/data-analyst-at-voyage-advisory-3634664351?refId=imlaX%2FtXMbZqGdLo7QRb7g%3D%3D&trackingId=vrhJXt2Tt%2BcAdjw5F8%2BTRw%3D%3D&position=7&pageNum=4&trk=public_jobs_jserp-result_search-card,Voyage Advisory,"Chicago, IL",1 day ago
Python with AWS,https://www.linkedin.com/jobs/view/python-with-aws-at-diverse-lynx-3635946814?refId=imlaX%2FtXMbZqGdLo7QRb7g%3D%3D&trackingId=HIHh17YmaF8JvylfRHIs8g%3D%3D&position=8&pageNum=4&trk=public_jobs_jserp-result_search-card,Diverse Lynx,"San Francisco, CA",3 weeks ago
Online Python Tutor,https://www.linkedin.com/jobs/view/online-python-tutor-at-tutor-com-3630344100?refId=imlaX%2FtXMbZqGdLo7QRb7g%3D%3D&trackingId=ccIvAsFKurYhVYgJcicJtw%3D%3D&position=9&pageNum=4&trk=public_jobs_jserp-result_search-card,Tutor.com,United States,18 hours ago
Python Developer,https://www.linkedin.com/jobs/view/python-developer-at-omega-solutions-inc-3630318474?refId=imlaX%2FtXMbZqGdLo7QRb7g%3D%3D&trackingId=L2iPtSy9cJmHbsoixwEgPQ%3D%3D&position=10&pageNum=4&trk=public_jobs_jserp-result_search-card,"Omega Solutions, Inc.","Austin, TX",3 weeks ago
Genomic Data Scientist,https://www.linkedin.com/jobs/view/genomic-data-scientist-at-geisinger-3634149073?refId=imlaX%2FtXMbZqGdLo7QRb7g%3D%3D&trackingId=Wf0dr%2B6NxJCDeJNqexcAig%3D%3D&position=11&pageNum=4&trk=public_jobs_jserp-result_search-card,Geisinger,"Danville, PA",1 day ago
Full Stack Python Developer,https://www.linkedin.com/jobs/view/full-stack-python-developer-at-blueink-3628947761?refId=imlaX%2FtXMbZqGdLo7QRb7g%3D%3D&trackingId=kG3Lny0US42ugIJ0O23wEQ%3D%3D&position=12&pageNum=4&trk=public_jobs_jserp-result_search-card,BlueInk,"Scottsdale, AZ",3 days ago
Python Developer,https://www.linkedin.com/jobs/view/python-developer-at-diverse-lynx-3635944517?refId=imlaX%2FtXMbZqGdLo7QRb7g%3D%3D&trackingId=2ih9VHfF3xWmnYOhrqy0pA%3D%3D&position=13&pageNum=4&trk=public_jobs_jserp-result_search-card,Diverse Lynx,"California, United States",3 weeks ago
Python Developer w/Linux,https://www.linkedin.com/jobs/view/python-developer-w-linux-at-dice-3635268410?refId=imlaX%2FtXMbZqGdLo7QRb7g%3D%3D&trackingId=Oo4kql66PmYY%2BxHDTZ4nng%3D%3D&position=14&pageNum=4&trk=public_jobs_jserp-result_search-card,Dice,"New York, NY",18 hours ago
Senior Python Engineer,https://www.linkedin.com/jobs/view/senior-python-engineer-at-idea-evolver-3633705543?refId=imlaX%2FtXMbZqGdLo7QRb7g%3D%3D&trackingId=PtIL5DcYIL7zzL2PaHDvAg%3D%3D&position=15&pageNum=4&trk=public_jobs_jserp-result_search-card,Idea Evolver,"Penn, PA",5 days ago
Entry Level Python Developer (Remote),https://www.linkedin.com/jobs/view/entry-level-python-developer-remote-at-synergisticit-3630963810?refId=imlaX%2FtXMbZqGdLo7QRb7g%3D%3D&trackingId=rVRWI1bZK7sNVD1eNP2iTQ%3D%3D&position=16&pageNum=4&trk=public_jobs_jserp-result_search-card,SynergisticIT,"San Francisco, CA",3 hours ago
Python Developer,https://www.linkedin.com/jobs/view/python-developer-at-diverse-lynx-3635947539?refId=imlaX%2FtXMbZqGdLo7QRb7g%3D%3D&trackingId=dmIjyKZ7wcZGMC2H8aVijQ%3D%3D&position=17&pageNum=4&trk=public_jobs_jserp-result_search-card,Diverse Lynx,"Charlotte, NC",3 weeks ago
Python Developer,https://www.linkedin.com/jobs/view/python-developer-at-diverse-lynx-3635959017?refId=imlaX%2FtXMbZqGdLo7QRb7g%3D%3D&trackingId=G2GTrT%2BXcs5Tkw7B5uwVZA%3D%3D&position=18&pageNum=4&trk=public_jobs_jserp-result_search-card,Diverse Lynx,"Omaha, AR",3 weeks ago
Data Engineer,https://www.linkedin.com/jobs/view/data-engineer-at-sga-inc-3635476298?refId=imlaX%2FtXMbZqGdLo7QRb7g%3D%3D&trackingId=sxhdY6eoqvUOq%2FIZ%2BIyNGg%3D%3D&position=19&pageNum=4&trk=public_jobs_jserp-result_search-card,SGA Inc.,"San Jose, CA",16 hours ago
Sr Product Analyst with SQL/Python scripting || Urgent,https://www.linkedin.com/jobs/view/sr-product-analyst-with-sql-python-scripting-urgent-at-acetech-group-corporation-3634180439?refId=imlaX%2FtXMbZqGdLo7QRb7g%3D%3D&trackingId=W63xl3IaQ0irN6v2waVvog%3D%3D&position=20&pageNum=4&trk=public_jobs_jserp-result_search-card,Acetech Group Corporation,"Maryland, United States",9 hours ago
Python Django,https://www.linkedin.com/jobs/view/python-django-at-diverse-lynx-3635946521?refId=imlaX%2FtXMbZqGdLo7QRb7g%3D%3D&trackingId=AZVibPDxK%2BAI3O8Gf%2BEF%2Bg%3D%3D&position=21&pageNum=4&trk=public_jobs_jserp-result_search-card,Diverse Lynx,"McLean, VA",3 weeks ago
Software Engineer,https://www.linkedin.com/jobs/view/software-engineer-at-lockheed-martin-3635258728?refId=imlaX%2FtXMbZqGdLo7QRb7g%3D%3D&trackingId=LmIuCLKGBQ0Jt2ztGBAG0w%3D%3D&position=22&pageNum=4&trk=public_jobs_jserp-result_search-card,Lockheed Martin,"Longmont, CO",19 hours ago
Junior Data Scientist,https://www.linkedin.com/jobs/view/junior-data-scientist-at-today-s-homecare-inc-3634408654?refId=imlaX%2FtXMbZqGdLo7QRb7g%3D%3D&trackingId=ceGnnBcZG1ST%2Bfykb61UYg%3D%3D&position=23&pageNum=4&trk=public_jobs_jserp-result_search-card,"Today's Homecare, Inc.","New York County, NY",1 day ago
Jr. Software Engineer,https://www.linkedin.com/jobs/view/jr-software-engineer-at-benefitfocus-3635752425?refId=imlaX%2FtXMbZqGdLo7QRb7g%3D%3D&trackingId=yGz9ux1iOA%2F0YeZW8aR1Mg%3D%3D&position=24&pageNum=4&trk=public_jobs_jserp-result_search-card,Benefitfocus,"Reno, NV",8 hours ago
Data Analyst,https://www.linkedin.com/jobs/view/data-analyst-at-american-veterans-for-equal-rights-inc-aver-3635215555?refId=imlaX%2FtXMbZqGdLo7QRb7g%3D%3D&trackingId=CMcvrcwl5qJGED4jZxAp7A%3D%3D&position=25&pageNum=4&trk=public_jobs_jserp-result_search-card,"American Veterans for Equal Rights, Inc. (AVER)","Washington, United States",3 weeks ago
Python Developer,https://www.linkedin.com/jobs/view/python-developer-at-diverse-lynx-3635942654?refId=TytLIc7M6gzL6EMPNANXpw%3D%3D&trackingId=lcylwmcTqiOJ8BiKvhXlfA%3D%3D&position=1&pageNum=5&trk=public_jobs_jserp-result_search-card,Diverse Lynx,"Pittsburgh, PA",3 weeks ago
Jr. Software Engineer,https://www.linkedin.com/jobs/view/jr-software-engineer-at-benefitfocus-3635754312?refId=TytLIc7M6gzL6EMPNANXpw%3D%3D&trackingId=sdQ%2BMFZJJCh4o%2BtxSDVAHw%3D%3D&position=2&pageNum=5&trk=public_jobs_jserp-result_search-card,Benefitfocus,"Washington, DC",8 hours ago
AI/ML Engineer,https://www.linkedin.com/jobs/view/ai-ml-engineer-at-elevance-health-3634995008?refId=TytLIc7M6gzL6EMPNANXpw%3D%3D&trackingId=7r7kP99cE5lIuLyR0EGWvA%3D%3D&position=3&pageNum=5&trk=public_jobs_jserp-result_search-card,Elevance Health,"Augusta, GA",3 weeks ago
Python/Pyspark Developer,https://www.linkedin.com/jobs/view/python-pyspark-developer-at-diverse-lynx-3635947733?refId=TytLIc7M6gzL6EMPNANXpw%3D%3D&trackingId=RQvvuoTJdyWTKhToGj9CdA%3D%3D&position=4&pageNum=5&trk=public_jobs_jserp-result_search-card,Diverse Lynx,"New York, NY",3 weeks ago
Python Developer with AWS,https://www.linkedin.com/jobs/view/python-developer-with-aws-at-diverse-lynx-3635945907?refId=TytLIc7M6gzL6EMPNANXpw%3D%3D&trackingId=rIIeCdijibTub8ZI3h295w%3D%3D&position=5&pageNum=5&trk=public_jobs_jserp-result_search-card,Diverse Lynx,"Philadelphia, PA",3 weeks ago
Data Analyst,https://www.linkedin.com/jobs/view/data-analyst-at-fisher-phillips-3634140296?refId=TytLIc7M6gzL6EMPNANXpw%3D%3D&trackingId=TFjegU59h7hLl56c6h8nLg%3D%3D&position=6&pageNum=5&trk=public_jobs_jserp-result_search-card,Fisher Phillips,"Los Angeles, CA",3 weeks ago
Sr. Python Engineer (Preferably with a hammer or shield),https://www.linkedin.com/jobs/view/sr-python-engineer-preferably-with-a-hammer-or-shield-at-vaco-3630919363?refId=TytLIc7M6gzL6EMPNANXpw%3D%3D&trackingId=S16m4BN4I0vn0iOCm2G8gg%3D%3D&position=7&pageNum=5&trk=public_jobs_jserp-result_search-card,Vaco,"Brentwood, TN",10 hours ago
Freelance SME - IT Python - Professional Certification (Phase 2),https://www.linkedin.com/jobs/view/freelance-sme-it-python-professional-certification-phase-2-at-sweetrush-inc-3634660835?refId=TytLIc7M6gzL6EMPNANXpw%3D%3D&trackingId=Q0zJ58SRIgCmlhuhtfNwng%3D%3D&position=8&pageNum=5&trk=public_jobs_jserp-result_search-card,SweetRush Inc.,United States,1 day ago
"Junior Python Engineer, Database Experience",https://www.linkedin.com/jobs/view/junior-python-engineer-database-experience-at-patterned-learning-ai-3634212547?refId=TytLIc7M6gzL6EMPNANXpw%3D%3D&trackingId=4hRPUqB5G87o9juWDZ%2FF5A%3D%3D&position=9&pageNum=5&trk=public_jobs_jserp-result_search-card,Patterned Learning AI,"Houston, TX",1 day ago
Python Developer,https://www.linkedin.com/jobs/view/python-developer-at-diverse-lynx-3635938512?refId=TytLIc7M6gzL6EMPNANXpw%3D%3D&trackingId=LhqskT2D3aorF27mRKpnnQ%3D%3D&position=10&pageNum=5&trk=public_jobs_jserp-result_search-card,Diverse Lynx,"Riverwoods, IL",3 weeks ago
Python Developer,https://www.linkedin.com/jobs/view/python-developer-at-diverse-lynx-3635527178?refId=TytLIc7M6gzL6EMPNANXpw%3D%3D&trackingId=Uu8mYDk%2FZYEqu6wqhY8tmw%3D%3D&position=11&pageNum=5&trk=public_jobs_jserp-result_search-card,Diverse Lynx,"Waukesha, WI",3 weeks ago
Jr. Software Engineer,https://www.linkedin.com/jobs/view/jr-software-engineer-at-benefitfocus-3635752422?refId=TytLIc7M6gzL6EMPNANXpw%3D%3D&trackingId=ti7q4Xikk5XjO4kO%2BvlarA%3D%3D&position=12&pageNum=5&trk=public_jobs_jserp-result_search-card,Benefitfocus,"Denver, CO",8 hours ago
Python Developer with Django,https://www.linkedin.com/jobs/view/python-developer-with-django-at-diverse-lynx-3635946267?refId=TytLIc7M6gzL6EMPNANXpw%3D%3D&trackingId=%2FAn1aVPE0AmDdjGNrgn5rQ%3D%3D&position=13&pageNum=5&trk=public_jobs_jserp-result_search-card,Diverse Lynx,"McLean, VA",3 weeks ago
Jr. Software Engineer,https://www.linkedin.com/jobs/view/jr-software-engineer-at-benefitfocus-3635751441?refId=TytLIc7M6gzL6EMPNANXpw%3D%3D&trackingId=d5d79trGnHyUWLoQVsSURg%3D%3D&position=14&pageNum=5&trk=public_jobs_jserp-result_search-card,Benefitfocus,"Charleston, SC",8 hours ago
"Clerk, Data Entry Jr / Full Time (Remote)",https://www.linkedin.com/jobs/view/clerk-data-entry-jr-full-time-remote-at-innovo-llc-3634231944?refId=TytLIc7M6gzL6EMPNANXpw%3D%3D&trackingId=XDYoyPTnEbpH9vPWQLTBlQ%3D%3D&position=15&pageNum=5&trk=public_jobs_jserp-result_search-card,Innovo LLC,"San Jose, CA",1 day ago
Python Pandas Developer,https://www.linkedin.com/jobs/view/python-pandas-developer-at-diverse-lynx-3635958060?refId=TytLIc7M6gzL6EMPNANXpw%3D%3D&trackingId=4CRKVRC%2FBsUc0GMvK2%2BQsg%3D%3D&position=16&pageNum=5&trk=public_jobs_jserp-result_search-card,Diverse Lynx,"Pittsburgh, PA",3 weeks ago
Python Developer,https://www.linkedin.com/jobs/view/python-developer-at-diverse-lynx-3635953835?refId=TytLIc7M6gzL6EMPNANXpw%3D%3D&trackingId=Z%2FDM1ox4ltpyWjf0ip7YiA%3D%3D&position=17&pageNum=5&trk=public_jobs_jserp-result_search-card,Diverse Lynx,"Oregon, United States",3 weeks ago
AI Software Developer,https://www.linkedin.com/jobs/view/ai-software-developer-at-babcock-power-3634605708?refId=TytLIc7M6gzL6EMPNANXpw%3D%3D&trackingId=pL%2BZ7XOefCfngWLrNNDT2Q%3D%3D&position=18&pageNum=5&trk=public_jobs_jserp-result_search-card,Babcock Power,"Louisville, KY",1 day ago
Back-End Software Engineer (Python),https://www.linkedin.com/jobs/view/back-end-software-engineer-python-at-jobot-3634300522?refId=TytLIc7M6gzL6EMPNANXpw%3D%3D&trackingId=%2FAl4n9qYeZfIHKr6tAqKXA%3D%3D&position=19&pageNum=5&trk=public_jobs_jserp-result_search-card,Jobot,"Dallas, TX",5 hours ago
Python Automation Engineer,https://www.linkedin.com/jobs/view/python-automation-engineer-at-american-tech-vision-solutions-llc-atvs-3633036408?refId=TytLIc7M6gzL6EMPNANXpw%3D%3D&trackingId=zEYlhF2erX0wJVieIUtA3A%3D%3D&position=20&pageNum=5&trk=public_jobs_jserp-result_search-card,American Tech Vision Solutions LLC ( ATVS ),"Irving, TX",1 day ago
Python developer,https://www.linkedin.com/jobs/view/python-developer-at-diverse-lynx-3635940446?refId=TytLIc7M6gzL6EMPNANXpw%3D%3D&trackingId=Gvub%2B1mxg8P%2FIi%2BNmbKzqg%3D%3D&position=21&pageNum=5&trk=public_jobs_jserp-result_search-card,Diverse Lynx,"North Carolina, United States",3 weeks ago
Back End Developer,https://www.linkedin.com/jobs/view/back-end-developer-at-careerbuddy-3634349421?refId=TytLIc7M6gzL6EMPNANXpw%3D%3D&trackingId=r4k72YPlufjUFI1rDD71JQ%3D%3D&position=22&pageNum=5&trk=public_jobs_jserp-result_search-card,CareerBuddy,United States,29 minutes ago
Data Analyst,https://www.linkedin.com/jobs/view/data-analyst-at-research-foundation-for-mental-hygiene-inc-3634321095?refId=TytLIc7M6gzL6EMPNANXpw%3D%3D&trackingId=jW5%2B3lBGa2PUIte6LcpU%2Fg%3D%3D&position=23&pageNum=5&trk=public_jobs_jserp-result_search-card,"Research Foundation for Mental Hygiene, Inc.","Albany, NY",3 hours ago
Software Engineer II,https://www.linkedin.com/jobs/view/software-engineer-ii-at-medtronic-3635218802?refId=TytLIc7M6gzL6EMPNANXpw%3D%3D&trackingId=z4R6elZ%2F%2B5kclb4fRZ%2F7Ow%3D%3D&position=24&pageNum=5&trk=public_jobs_jserp-result_search-card,Medtronic,"Lafayette, CO",21 hours ago
769 - Software Engineer (Python),https://www.linkedin.com/jobs/view/769-software-engineer-python-at-arsiem-corporation-3630930107?refId=TytLIc7M6gzL6EMPNANXpw%3D%3D&trackingId=CK99xRjW0w6MFOOEk31%2BnA%3D%3D&position=25&pageNum=5&trk=public_jobs_jserp-result_search-card,ARSIEM Corporation,"Annapolis Junction, MD",7 hours ago
Python Engineer,https://www.linkedin.com/jobs/view/python-engineer-at-pamten-inc-3627196260?refId=SUitOxQ%2BIk12Zqz%2FA%2BH8AA%3D%3D&trackingId=Fczs8amCK6THqMgwVoYqww%3D%3D&position=1&pageNum=6&trk=public_jobs_jserp-result_search-card,PamTen Inc,"Plano, TX",5 days ago
Junior Python Developer,https://www.linkedin.com/jobs/view/junior-python-developer-at-patterned-learning-ai-3633627946?refId=SUitOxQ%2BIk12Zqz%2FA%2BH8AA%3D%3D&trackingId=4jMwWUfgKVBL1%2BtNAgkYKQ%3D%3D&position=2&pageNum=6&trk=public_jobs_jserp-result_search-card,Patterned Learning AI,"New York, NY",2 days ago
Python Developer,https://www.linkedin.com/jobs/view/python-developer-at-exaways-corporation-3630339362?refId=SUitOxQ%2BIk12Zqz%2FA%2BH8AA%3D%3D&trackingId=6V7LeNTw%2Bvu%2Bce75%2FEIwUA%3D%3D&position=3&pageNum=6&trk=public_jobs_jserp-result_search-card,Exaways Corporation,"Pittsburgh, PA",5 hours ago
Python Developer,https://www.linkedin.com/jobs/view/python-developer-at-softstandard-solutions-3633700682?refId=SUitOxQ%2BIk12Zqz%2FA%2BH8AA%3D%3D&trackingId=U5pdsctJsDG8P9Pk%2FiY73Q%3D%3D&position=4&pageNum=6&trk=public_jobs_jserp-result_search-card,SoftStandard Solutions,"Texas City, TX",3 weeks ago
"Software Engineer, Conversation Infrastructure",https://www.linkedin.com/jobs/view/software-engineer-conversation-infrastructure-at-moveworks-3635900543?refId=SUitOxQ%2BIk12Zqz%2FA%2BH8AA%3D%3D&trackingId=%2F5Q6l7Wlhqy3al4ZGexKng%3D%3D&position=5&pageNum=6&trk=public_jobs_jserp-result_search-card,Moveworks,"Mountain View, CA",3 hours ago
Jr. Software Engineer,https://www.linkedin.com/jobs/view/jr-software-engineer-at-benefitfocus-3635748793?refId=SUitOxQ%2BIk12Zqz%2FA%2BH8AA%3D%3D&trackingId=x%2BTH8RFBNRY4gxtbKzj2vw%3D%3D&position=6&pageNum=6&trk=public_jobs_jserp-result_search-card,Benefitfocus,"Baltimore, MD",8 hours ago
Python Developer,https://www.linkedin.com/jobs/view/python-developer-at-diverse-lynx-3635939943?refId=SUitOxQ%2BIk12Zqz%2FA%2BH8AA%3D%3D&trackingId=IUNvl0TvLqH2Rrk3FAweyw%3D%3D&position=7&pageNum=6&trk=public_jobs_jserp-result_search-card,Diverse Lynx,"Des Moines, IA",3 weeks ago
AWS Python Developer,https://www.linkedin.com/jobs/view/aws-python-developer-at-saxon-ai-3628945941?refId=SUitOxQ%2BIk12Zqz%2FA%2BH8AA%3D%3D&trackingId=neRzCgqJdhUTztxeqREcig%3D%3D&position=8&pageNum=6&trk=public_jobs_jserp-result_search-card,Saxon AI,"Dallas, TX",3 days ago
Data Analyst/ETL Developer,https://www.linkedin.com/jobs/view/data-analyst-etl-developer-at-state-of-nebraska-3635751655?refId=SUitOxQ%2BIk12Zqz%2FA%2BH8AA%3D%3D&trackingId=8hnwGhnVOA0PoAeXO%2B8png%3D%3D&position=9&pageNum=6&trk=public_jobs_jserp-result_search-card,State of Nebraska,"Lincoln, NE",7 hours ago
Python Developer,https://www.linkedin.com/jobs/view/python-developer-at-diverse-lynx-3635957259?refId=SUitOxQ%2BIk12Zqz%2FA%2BH8AA%3D%3D&trackingId=jsnzNKeU%2BHYtjf5Zum%2BfEQ%3D%3D&position=10&pageNum=6&trk=public_jobs_jserp-result_search-card,Diverse Lynx,"Walnut Creek, CA",3 weeks ago
Python Developer,https://www.linkedin.com/jobs/view/python-developer-at-diverse-lynx-3635954394?refId=SUitOxQ%2BIk12Zqz%2FA%2BH8AA%3D%3D&trackingId=0sMQSDb0K%2F%2BoSsX8yOHhOA%3D%3D&position=11&pageNum=6&trk=public_jobs_jserp-result_search-card,Diverse Lynx,"Walnut Creek, CA",3 weeks ago
"Coordinator, Data Entry Junior - Full Time (Remote)",https://www.linkedin.com/jobs/view/coordinator-data-entry-junior-full-time-remote-at-teq-project-3635256496?refId=SUitOxQ%2BIk12Zqz%2FA%2BH8AA%3D%3D&trackingId=XaajiUar93GPfT%2B9FLUw2g%3D%3D&position=12&pageNum=6&trk=public_jobs_jserp-result_search-card,Teq Project,"Memphis, TN",19 hours ago
Python Developer,https://www.linkedin.com/jobs/view/python-developer-at-diverse-lynx-3635940646?refId=SUitOxQ%2BIk12Zqz%2FA%2BH8AA%3D%3D&trackingId=Upjjikk%2F2TNgJLPZVmBXzg%3D%3D&position=13&pageNum=6&trk=public_jobs_jserp-result_search-card,Diverse Lynx,"Walnut Creek, CA",3 weeks ago
"Software Engineer, Tools",https://www.linkedin.com/jobs/view/software-engineer-tools-at-warner-bros-discovery-3635950491?refId=SUitOxQ%2BIk12Zqz%2FA%2BH8AA%3D%3D&trackingId=xUR6SiBPzjm1f85esjmK9w%3D%3D&position=14&pageNum=6&trk=public_jobs_jserp-result_search-card,Warner Bros. Discovery,"Florida, United States",1 hour ago
"Software Engineer, Tools",https://www.linkedin.com/jobs/view/software-engineer-tools-at-warner-bros-discovery-3635946792?refId=SUitOxQ%2BIk12Zqz%2FA%2BH8AA%3D%3D&trackingId=F4LExYgSPODU1EhJvH0V%2Fg%3D%3D&position=15&pageNum=6&trk=public_jobs_jserp-result_search-card,Warner Bros. Discovery,"Illinois, United States",1 hour ago
Python Developer,https://www.linkedin.com/jobs/view/python-developer-at-diverse-lynx-3635947957?refId=SUitOxQ%2BIk12Zqz%2FA%2BH8AA%3D%3D&trackingId=WdbwG0ugH7PhaPn%2BmPKwqA%3D%3D&position=16&pageNum=6&trk=public_jobs_jserp-result_search-card,Diverse Lynx,"San Jose, CA",3 weeks ago
Jr. Software Engineer,https://www.linkedin.com/jobs/view/jr-software-engineer-at-benefitfocus-3635751452?refId=SUitOxQ%2BIk12Zqz%2FA%2BH8AA%3D%3D&trackingId=SV4mPMWZjvSfTKbwEwYMTA%3D%3D&position=17&pageNum=6&trk=public_jobs_jserp-result_search-card,Benefitfocus,"Virginia, United States",8 hours ago
Python Developer,https://www.linkedin.com/jobs/view/python-developer-at-diverse-lynx-3635945639?refId=SUitOxQ%2BIk12Zqz%2FA%2BH8AA%3D%3D&trackingId=OkeEETsAP0sSWxWUaiUMKw%3D%3D&position=18&pageNum=6&trk=public_jobs_jserp-result_search-card,Diverse Lynx,"Saline, MI",3 weeks ago
SDET (Python Skills),https://www.linkedin.com/jobs/view/sdet-python-skills-at-cgi-3635747472?refId=SUitOxQ%2BIk12Zqz%2FA%2BH8AA%3D%3D&trackingId=7L5knyltnk5YXqmmLVqTCg%3D%3D&position=19&pageNum=6&trk=public_jobs_jserp-result_search-card,CGI,United States,8 hours ago
"Python Developer // AWS, Pipelines",https://www.linkedin.com/jobs/view/python-developer-aws-pipelines-at-motion-recruitment-3635535482?refId=SUitOxQ%2BIk12Zqz%2FA%2BH8AA%3D%3D&trackingId=73%2FM1ZgqFNtODde5TEax2g%3D%3D&position=20&pageNum=6&trk=public_jobs_jserp-result_search-card,Motion Recruitment,"Charlotte, NC",12 hours ago
Data Engineer,https://www.linkedin.com/jobs/view/data-engineer-at-techizee-3635239747?refId=SUitOxQ%2BIk12Zqz%2FA%2BH8AA%3D%3D&trackingId=Wq9JU5aHRzWQqZeIRSz4Qg%3D%3D&position=21&pageNum=6&trk=public_jobs_jserp-result_search-card,Techizee,"Columbia, MD",22 hours ago
Data Engineer I,https://www.linkedin.com/jobs/view/data-engineer-i-at-innova-solutions-3635524825?refId=SUitOxQ%2BIk12Zqz%2FA%2BH8AA%3D%3D&trackingId=rVn7haREjgrQk94F0Nb88A%3D%3D&position=22&pageNum=6&trk=public_jobs_jserp-result_search-card,Innova Solutions,"Cupertino, CA",6 days ago
"Python Developer @ Chicago, IL",https://www.linkedin.com/jobs/view/python-developer-%40-chicago-il-at-diverse-lynx-3635941706?refId=SUitOxQ%2BIk12Zqz%2FA%2BH8AA%3D%3D&trackingId=sT0o8YnNdYWxathguZSWgg%3D%3D&position=23&pageNum=6&trk=public_jobs_jserp-result_search-card,Diverse Lynx,"Chicago, IL",3 weeks ago
Python/PySpark Developer,https://www.linkedin.com/jobs/view/python-pyspark-developer-at-diverse-lynx-3635951176?refId=SUitOxQ%2BIk12Zqz%2FA%2BH8AA%3D%3D&trackingId=Ouht6KrmGCzhOAHEmDZ8PQ%3D%3D&position=24&pageNum=6&trk=public_jobs_jserp-result_search-card,Diverse Lynx,"Irving, TX",3 weeks ago
Python Developer,https://www.linkedin.com/jobs/view/python-developer-at-diverse-lynx-3635935981?refId=SUitOxQ%2BIk12Zqz%2FA%2BH8AA%3D%3D&trackingId=W8llNakJJPKnuygbqWFZ0Q%3D%3D&position=25&pageNum=6&trk=public_jobs_jserp-result_search-card,Diverse Lynx,"Des Moines, IA",3 weeks ago
Software Engineer - Python and K8s,https://www.linkedin.com/jobs/view/software-engineer-python-and-k8s-at-canonical-3634154485?refId=avlukicEMgrfEAP7A3CJPA%3D%3D&trackingId=Y3Z0KYl4Lrd6NtaKN11ZXQ%3D%3D&position=1&pageNum=7&trk=public_jobs_jserp-result_search-card,Canonical,"Washington, DC",3 weeks ago
Software Developer II,https://www.linkedin.com/jobs/view/software-developer-ii-at-bio-rad-laboratories-3635548438?refId=avlukicEMgrfEAP7A3CJPA%3D%3D&trackingId=qwKAQM7b3ByEToDdKrjMzw%3D%3D&position=2&pageNum=7&trk=public_jobs_jserp-result_search-card,Bio-Rad Laboratories,"Benicia, CA",11 hours ago
Data Engineer,https://www.linkedin.com/jobs/view/data-engineer-at-bilt-rewards-3634302735?refId=avlukicEMgrfEAP7A3CJPA%3D%3D&trackingId=AChcKnB7HBDnbqEwniYpTA%3D%3D&position=3&pageNum=7&trk=public_jobs_jserp-result_search-card,Bilt Rewards,"New York, NY",3 weeks ago
Python Developer with AWS,https://www.linkedin.com/jobs/view/python-developer-with-aws-at-diverse-lynx-3635955453?refId=avlukicEMgrfEAP7A3CJPA%3D%3D&trackingId=UlN1Ho6ESguaROML1gJZDQ%3D%3D&position=4&pageNum=7&trk=public_jobs_jserp-result_search-card,Diverse Lynx,"California, United States",3 weeks ago
Python Developer with GRAFANA,https://www.linkedin.com/jobs/view/python-developer-with-grafana-at-diverse-lynx-3635950370?refId=avlukicEMgrfEAP7A3CJPA%3D%3D&trackingId=EyXOPTg0g%2F4aQYs7LhG0Fw%3D%3D&position=5&pageNum=7&trk=public_jobs_jserp-result_search-card,Diverse Lynx,"California, United States",3 weeks ago
Software Engineer - Python*,https://www.linkedin.com/jobs/view/software-engineer-python-at-axelon-services-corporation-3630321657?refId=avlukicEMgrfEAP7A3CJPA%3D%3D&trackingId=jMIuOhOmNEr42ldK6nPCZw%3D%3D&position=6&pageNum=7&trk=public_jobs_jserp-result_search-card,Axelon Services Corporation,"New York, NY",2 weeks ago
"R Scripting Engineer with Java or Python - NYC, NY / Remote",https://www.linkedin.com/jobs/view/r-scripting-engineer-with-java-or-python-nyc-ny-remote-at-diverse-lynx-3635945560?refId=avlukicEMgrfEAP7A3CJPA%3D%3D&trackingId=gQByjwKYMJav4ngwyyRE6A%3D%3D&position=7&pageNum=7&trk=public_jobs_jserp-result_search-card,Diverse Lynx,"New York, NY",3 weeks ago
Software Engineer,https://www.linkedin.com/jobs/view/software-engineer-at-cyris-executive-search-3634299173?refId=avlukicEMgrfEAP7A3CJPA%3D%3D&trackingId=xNFZR7%2FpMqQWewn5az3T6A%3D%3D&position=8&pageNum=7&trk=public_jobs_jserp-result_search-card,CYRIS Executive Search,"New York, NY",1 day ago
Jr. Software Engineer,https://www.linkedin.com/jobs/view/jr-software-engineer-at-benefitfocus-3635750679?refId=avlukicEMgrfEAP7A3CJPA%3D%3D&trackingId=efyqEltKdwiG3KvAnYDUVQ%3D%3D&position=9&pageNum=7&trk=public_jobs_jserp-result_search-card,Benefitfocus,"Birmingham, AL",8 hours ago
Python Developer with Data Science,https://www.linkedin.com/jobs/view/python-developer-with-data-science-at-diverse-lynx-3635935860?refId=avlukicEMgrfEAP7A3CJPA%3D%3D&trackingId=WLDzxt6qvinZwJmn6q0TZA%3D%3D&position=10&pageNum=7&trk=public_jobs_jserp-result_search-card,Diverse Lynx,"Dallas, TX",3 weeks ago
Cloud Software Engineer,https://www.linkedin.com/jobs/view/cloud-software-engineer-at-ford-motor-company-3635739157?refId=avlukicEMgrfEAP7A3CJPA%3D%3D&trackingId=CBvjZhUg%2B13Xi0KQxAOS1w%3D%3D&position=11&pageNum=7&trk=public_jobs_jserp-result_search-card,Ford Motor Company,"Dearborn, MI",9 hours ago
PL/SQL with Python,https://www.linkedin.com/jobs/view/pl-sql-with-python-at-techfetch-com-on-demand-tech-workforce-hiring-platform-3632852201?refId=avlukicEMgrfEAP7A3CJPA%3D%3D&trackingId=eBaOrtoEvHgThrQkfAqmCQ%3D%3D&position=12&pageNum=7&trk=public_jobs_jserp-result_search-card,TechFetch.com - On Demand Tech Workforce hiring platform,"New Milford, NY",4 days ago
PL/SQL with Python,https://www.linkedin.com/jobs/view/pl-sql-with-python-at-techfetch-com-on-demand-tech-workforce-hiring-platform-3632852196?refId=avlukicEMgrfEAP7A3CJPA%3D%3D&trackingId=w6EUexueg%2BCafj7mZd6%2BOw%3D%3D&position=13&pageNum=7&trk=public_jobs_jserp-result_search-card,TechFetch.com - On Demand Tech Workforce hiring platform,"New Milford, NY",4 days ago
AWS/Python Developer,https://www.linkedin.com/jobs/view/aws-python-developer-at-diverse-lynx-3635943478?refId=avlukicEMgrfEAP7A3CJPA%3D%3D&trackingId=Tm%2FDnQBV8Dw33OLqLIfDkg%3D%3D&position=14&pageNum=7&trk=public_jobs_jserp-result_search-card,Diverse Lynx,"Maryland, United States",3 weeks ago
Python Developer With PySpark(Hybrid),https://www.linkedin.com/jobs/view/python-developer-with-pyspark-hybrid-at-the-dignify-solutions-llc-3630317620?refId=avlukicEMgrfEAP7A3CJPA%3D%3D&trackingId=nKw6eg7yEoSjzjXM8mkVZg%3D%3D&position=15&pageNum=7&trk=public_jobs_jserp-result_search-card,"The Dignify Solutions, LLC","Hartford, CT",3 weeks ago
"Software Engineer, Tools",https://www.linkedin.com/jobs/view/software-engineer-tools-at-warner-bros-discovery-3635949713?refId=avlukicEMgrfEAP7A3CJPA%3D%3D&trackingId=wXkqa87VY97ee9sxIHt%2FlA%3D%3D&position=16&pageNum=7&trk=public_jobs_jserp-result_search-card,Warner Bros. Discovery,"Salem, OR",1 hour ago
Jr. Software Engineer,https://www.linkedin.com/jobs/view/jr-software-engineer-at-benefitfocus-3635750684?refId=avlukicEMgrfEAP7A3CJPA%3D%3D&trackingId=nvFYZa9RtBqOwyU6gO55Ew%3D%3D&position=17&pageNum=7&trk=public_jobs_jserp-result_search-card,Benefitfocus,New York City Metropolitan Area,8 hours ago
Software Engineer,https://www.linkedin.com/jobs/view/software-engineer-at-long-run-partners-3634409620?refId=avlukicEMgrfEAP7A3CJPA%3D%3D&trackingId=HdoLCmIRWcjzuzkiSZpeBA%3D%3D&position=18&pageNum=7&trk=public_jobs_jserp-result_search-card,Long Run Partners,New York City Metropolitan Area,1 day ago
AI/ML Engineer,https://www.linkedin.com/jobs/view/ai-ml-engineer-at-elevance-health-3634998375?refId=avlukicEMgrfEAP7A3CJPA%3D%3D&trackingId=wWBvKuhGtS%2BbRAzPo%2BaVlg%3D%3D&position=19&pageNum=7&trk=public_jobs_jserp-result_search-card,Elevance Health,"Columbus, GA",3 weeks ago
Python Developer.,https://www.linkedin.com/jobs/view/python-developer-at-diverse-lynx-3635946122?refId=avlukicEMgrfEAP7A3CJPA%3D%3D&trackingId=gtJch%2BjtRXVU%2Bf22DW%2FbQA%3D%3D&position=20&pageNum=7&trk=public_jobs_jserp-result_search-card,Diverse Lynx,"Raleigh, NC",3 weeks ago
"Python Developer-Charlotte, NC",https://www.linkedin.com/jobs/view/python-developer-charlotte-nc-at-georgia-it-inc-3630319367?refId=avlukicEMgrfEAP7A3CJPA%3D%3D&trackingId=mQw4jHDkOtMmBDjLN85kDQ%3D%3D&position=21&pageNum=7&trk=public_jobs_jserp-result_search-card,"Georgia IT, Inc.","Charlotte, NC",3 weeks ago
Data Science Internship (Fall 2023),https://www.linkedin.com/jobs/view/data-science-internship-fall-2023-at-red-technologies-3634611500?refId=avlukicEMgrfEAP7A3CJPA%3D%3D&trackingId=hxwxmYZ90gCuubkmv3vNAQ%3D%3D&position=22&pageNum=7&trk=public_jobs_jserp-result_search-card,Red Technologies,"Indianapolis, IN",1 day ago
Python Developer,https://www.linkedin.com/jobs/view/python-developer-at-diverse-lynx-3635952306?refId=avlukicEMgrfEAP7A3CJPA%3D%3D&trackingId=x5I9mmJB1XBiZzjK%2BHPUTw%3D%3D&position=23&pageNum=7&trk=public_jobs_jserp-result_search-card,Diverse Lynx,"Fallon, NV",3 weeks ago
Data Engineer,https://www.linkedin.com/jobs/view/data-engineer-at-roche-3635226242?refId=avlukicEMgrfEAP7A3CJPA%3D%3D&trackingId=Zq04esf22cKP4CYA3jM7RQ%3D%3D&position=24&pageNum=7&trk=public_jobs_jserp-result_search-card,Roche,"Carlsbad, CA",21 hours ago
ML Software Engineer - Distributed Model Training Expert for Large Language Models (LLM),https://www.linkedin.com/jobs/view/ml-software-engineer-distributed-model-training-expert-for-large-language-models-llm-at-astoria-ai-3635798589?refId=avlukicEMgrfEAP7A3CJPA%3D%3D&trackingId=klxPFMgaZ2f8ap%2Fzb%2FH%2BUg%3D%3D&position=25&pageNum=7&trk=public_jobs_jserp-result_search-card,Astoria AI,United States,3 hours ago
Python Automation Engineer,https://www.linkedin.com/jobs/view/python-automation-engineer-at-diverse-lynx-3635942481?refId=RvjJCU0Nekud%2BUu1FYu24g%3D%3D&trackingId=wl2%2FzmRqWl4grJlyzqyJwg%3D%3D&position=1&pageNum=8&trk=public_jobs_jserp-result_search-card,Diverse Lynx,"O'Fallon, MO",3 weeks ago
Python Developer,https://www.linkedin.com/jobs/view/python-developer-at-diverse-lynx-3635947344?refId=RvjJCU0Nekud%2BUu1FYu24g%3D%3D&trackingId=ZCrkTM9%2Fla7jC2yMTWAGdA%3D%3D&position=2&pageNum=8&trk=public_jobs_jserp-result_search-card,Diverse Lynx,"Columbus, OH",3 weeks ago
Python Developer,https://www.linkedin.com/jobs/view/python-developer-at-diverse-lynx-3635958133?refId=RvjJCU0Nekud%2BUu1FYu24g%3D%3D&trackingId=IIvJ7rIj9VFjZouB85mVBQ%3D%3D&position=3&pageNum=8&trk=public_jobs_jserp-result_search-card,Diverse Lynx,"Pennington, NJ",3 weeks ago
Jr. Software Engineer,https://www.linkedin.com/jobs/view/jr-software-engineer-at-benefitfocus-3635751448?refId=RvjJCU0Nekud%2BUu1FYu24g%3D%3D&trackingId=c8pcNbniey0NwUjCm8qZ6g%3D%3D&position=4&pageNum=8&trk=public_jobs_jserp-result_search-card,Benefitfocus,"Greenville, SC",8 hours ago
AWS Python Developer,https://www.linkedin.com/jobs/view/aws-python-developer-at-tata-consultancy-services-3634182312?refId=RvjJCU0Nekud%2BUu1FYu24g%3D%3D&trackingId=HF9ogLbbgchYDxcBh6eqzg%3D%3D&position=5&pageNum=8&trk=public_jobs_jserp-result_search-card,Tata Consultancy Services,"Bloomfield, CT",8 hours ago
Python Automation Engineer,https://www.linkedin.com/jobs/view/python-automation-engineer-at-diverse-lynx-3635948950?refId=RvjJCU0Nekud%2BUu1FYu24g%3D%3D&trackingId=S3cCUtBWNv1qE1BZM7eQrA%3D%3D&position=6&pageNum=8&trk=public_jobs_jserp-result_search-card,Diverse Lynx,"O'Fallon, MO",3 weeks ago
Python Automation with Java,https://www.linkedin.com/jobs/view/python-automation-with-java-at-diverse-lynx-3635948785?refId=RvjJCU0Nekud%2BUu1FYu24g%3D%3D&trackingId=E0n1qMo1K%2FwVN3MjpaBcdQ%3D%3D&position=7&pageNum=8&trk=public_jobs_jserp-result_search-card,Diverse Lynx,"California, United States",3 weeks ago
Software Engineers III,https://www.linkedin.com/jobs/view/software-engineers-iii-at-transunion-3635793031?refId=RvjJCU0Nekud%2BUu1FYu24g%3D%3D&trackingId=XwFg5vr5BG7zqEbXbzj2zg%3D%3D&position=8&pageNum=8&trk=public_jobs_jserp-result_search-card,TransUnion,San Diego Metropolitan Area,4 hours ago
"Senior Software Engineer, Developer Productivity",https://www.linkedin.com/jobs/view/senior-software-engineer-developer-productivity-at-mongodb-3635767307?refId=RvjJCU0Nekud%2BUu1FYu24g%3D%3D&trackingId=oYRW2KiKiFSa5BWQIYzb6w%3D%3D&position=9&pageNum=8&trk=public_jobs_jserp-result_search-card,MongoDB,"San Francisco, CA",5 hours ago
Python Developer with testing,https://www.linkedin.com/jobs/view/python-developer-with-testing-at-diverse-lynx-3635943219?refId=RvjJCU0Nekud%2BUu1FYu24g%3D%3D&trackingId=g0yU%2B98FWb8Nkd4XhFedJQ%3D%3D&position=10&pageNum=8&trk=public_jobs_jserp-result_search-card,Diverse Lynx,"San Jose, CA",3 weeks ago
Python Developer,https://www.linkedin.com/jobs/view/python-developer-at-diverse-lynx-3635937464?refId=RvjJCU0Nekud%2BUu1FYu24g%3D%3D&trackingId=0VUlM4wX18ViIFGdifQriQ%3D%3D&position=11&pageNum=8&trk=public_jobs_jserp-result_search-card,Diverse Lynx,"Alpharetta, GA",3 weeks ago
Python Developer with Groovy,https://www.linkedin.com/jobs/view/python-developer-with-groovy-at-diverse-lynx-3635950659?refId=RvjJCU0Nekud%2BUu1FYu24g%3D%3D&trackingId=jW63vD1lkcBBIjIYJsycPA%3D%3D&position=12&pageNum=8&trk=public_jobs_jserp-result_search-card,Diverse Lynx,"Fallon, NV",3 weeks ago
Senior Software Engineer | Python,https://www.linkedin.com/jobs/view/senior-software-engineer-python-at-jobs-via-efinancialcareers-3634158590?refId=RvjJCU0Nekud%2BUu1FYu24g%3D%3D&trackingId=F9qzuCqvILY8t59WkvXRqw%3D%3D&position=13&pageNum=8&trk=public_jobs_jserp-result_search-card,Jobs via eFinancialCareers,"Manhattan, NY",10 hours ago
Python Developer,https://www.linkedin.com/jobs/view/python-developer-at-diverse-lynx-3635951789?refId=RvjJCU0Nekud%2BUu1FYu24g%3D%3D&trackingId=sDaJ00BwOKvFvhjcLE9o3g%3D%3D&position=14&pageNum=8&trk=public_jobs_jserp-result_search-card,Diverse Lynx,"Charlotte, NC",3 weeks ago
Junior AI Engineer,https://www.linkedin.com/jobs/view/junior-ai-engineer-at-octo-3634611770?refId=RvjJCU0Nekud%2BUu1FYu24g%3D%3D&trackingId=T430cRtMi9cpVTxIh1Df7A%3D%3D&position=15&pageNum=8&trk=public_jobs_jserp-result_search-card,Octo,"Reston, VA",2 days ago
Big Data Analyst,https://www.linkedin.com/jobs/view/big-data-analyst-at-ascending-inc-3635725823?refId=RvjJCU0Nekud%2BUu1FYu24g%3D%3D&trackingId=YvcBfuISVcaXwQfrThKfPA%3D%3D&position=16&pageNum=8&trk=public_jobs_jserp-result_search-card,ASCENDING Inc.,"Rockville, MD",10 hours ago
Python Developer with Data Science,https://www.linkedin.com/jobs/view/python-developer-with-data-science-at-diverse-lynx-3635936682?refId=RvjJCU0Nekud%2BUu1FYu24g%3D%3D&trackingId=y2d9YVx71%2FUCaeuzSBYkEQ%3D%3D&position=17&pageNum=8&trk=public_jobs_jserp-result_search-card,Diverse Lynx,"Alpharetta, GA",3 weeks ago
Python Developer,https://www.linkedin.com/jobs/view/python-developer-at-diverse-lynx-3635949408?refId=RvjJCU0Nekud%2BUu1FYu24g%3D%3D&trackingId=VBzNoo%2Bbd8REig8rVRuwuA%3D%3D&position=18&pageNum=8&trk=public_jobs_jserp-result_search-card,Diverse Lynx,"Ann Arbor, MI",3 weeks ago
Python Developer with Big Data,https://www.linkedin.com/jobs/view/python-developer-with-big-data-at-diverse-lynx-3635951682?refId=RvjJCU0Nekud%2BUu1FYu24g%3D%3D&trackingId=fccrdyWPYFJpRvpSFenSrA%3D%3D&position=19&pageNum=8&trk=public_jobs_jserp-result_search-card,Diverse Lynx,"New York, NY",3 weeks ago
Software Engineer,https://www.linkedin.com/jobs/view/software-engineer-at-belay-technologies-3635732324?refId=RvjJCU0Nekud%2BUu1FYu24g%3D%3D&trackingId=H0VCAm1kg9HPtkI3svqGYw%3D%3D&position=20&pageNum=8&trk=public_jobs_jserp-result_search-card,Belay Technologies,"Columbia, MD",10 hours ago
Software Engineer (Remote),https://www.linkedin.com/jobs/view/software-engineer-remote-at-patterson-companies-inc-3634312895?refId=RvjJCU0Nekud%2BUu1FYu24g%3D%3D&trackingId=JIZ0hk6IZjuIr3fDg0ocKQ%3D%3D&position=21&pageNum=8&trk=public_jobs_jserp-result_search-card,"Patterson Companies, Inc.","St Paul, MN",3 hours ago
Python full stack developer,https://www.linkedin.com/jobs/view/python-full-stack-developer-at-dice-3633638184?refId=RvjJCU0Nekud%2BUu1FYu24g%3D%3D&trackingId=RByju5IgFZG7ErzNWIwiPQ%3D%3D&position=22&pageNum=8&trk=public_jobs_jserp-result_search-card,Dice,"Nashville, TN",2 days ago
Lead Python Developer,https://www.linkedin.com/jobs/view/lead-python-developer-at-reliant-vision-group-inc-3630910671?refId=RvjJCU0Nekud%2BUu1FYu24g%3D%3D&trackingId=YUidJcvkAJQgGCaQatsWBA%3D%3D&position=23&pageNum=8&trk=public_jobs_jserp-result_search-card,Reliant Vision Group Inc,"Boston, MA",11 hours ago
Software Intern (Onsite),https://www.linkedin.com/jobs/view/software-intern-onsite-at-jabra-3635763525?refId=RvjJCU0Nekud%2BUu1FYu24g%3D%3D&trackingId=2199CnpHg%2BQR8soTVEznRA%3D%3D&position=24&pageNum=8&trk=public_jobs_jserp-result_search-card,Jabra,"Cupertino, CA",5 hours ago
Database Developer II,https://www.linkedin.com/jobs/view/database-developer-ii-at-aya-healthcare-3634304484?refId=RvjJCU0Nekud%2BUu1FYu24g%3D%3D&trackingId=m%2F0EMKRnK6wXFJs8iEU7mQ%3D%3D&position=25&pageNum=8&trk=public_jobs_jserp-result_search-card,Aya Healthcare,"San Diego, CA",5 hours ago
Data Scientist/Modeler I,https://www.linkedin.com/jobs/view/data-scientist-modeler-i-at-battelle-3635758839?refId=F2w2aB%2BNDzlQkqNlWqhiGA%3D%3D&trackingId=%2FR0miMFCtqdI4Rbn6hzObQ%3D%3D&position=1&pageNum=9&trk=public_jobs_jserp-result_search-card,Battelle,"Columbus, OH",6 hours ago
Senior Software Engineer,https://www.linkedin.com/jobs/view/senior-software-engineer-at-moxion-power-3634307057?refId=F2w2aB%2BNDzlQkqNlWqhiGA%3D%3D&trackingId=OhxS%2FQ6Vjjz17AUk4o3Dag%3D%3D&position=2&pageNum=9&trk=public_jobs_jserp-result_search-card,Moxion Power,"Richmond, CA",1 week ago
"Software Engineer II, Search & Recommendations",https://www.linkedin.com/jobs/view/software-engineer-ii-search-recommendations-at-wayfair-3634303407?refId=F2w2aB%2BNDzlQkqNlWqhiGA%3D%3D&trackingId=IRZ3%2Bp2gsTf1Rns5mRDKvg%3D%3D&position=3&pageNum=9&trk=public_jobs_jserp-result_search-card,Wayfair,"Mountain View, CA",1 day ago
"Python AWS DevOps Developer  || onsite- Plano, TX  (Local only) ||",https://www.linkedin.com/jobs/view/python-aws-devops-developer-onsite-plano-tx-local-only-at-software-technology-inc-3633003839?refId=F2w2aB%2BNDzlQkqNlWqhiGA%3D%3D&trackingId=stOHBI%2BIhKbYQXCfoVOstg%3D%3D&position=4&pageNum=9&trk=public_jobs_jserp-result_search-card,Software Technology Inc.,"Plano, TX",1 day ago
Senior Staff Software Engineer - Cloud Cost,https://www.linkedin.com/jobs/view/senior-staff-software-engineer-cloud-cost-at-nvidia-3635733580?refId=F2w2aB%2BNDzlQkqNlWqhiGA%3D%3D&trackingId=kAI3WEn4Qr%2FWWgNHFSSpVg%3D%3D&position=5&pageNum=9&trk=public_jobs_jserp-result_search-card,NVIDIA,"Santa Clara, CA",9 hours ago
Software Engineer,https://www.linkedin.com/jobs/view/software-engineer-at-adventinfotech-3635487914?refId=F2w2aB%2BNDzlQkqNlWqhiGA%3D%3D&trackingId=gQdBCwyPERtCuB6PmQDqJQ%3D%3D&position=6&pageNum=9&trk=public_jobs_jserp-result_search-card,AdventInfotech,"New Jersey, United States",15 hours ago
Oracle Developer/ PL/SQL DEVELOPER,https://www.linkedin.com/jobs/view/oracle-developer-pl-sql-developer-at-wati-3634177508?refId=F2w2aB%2BNDzlQkqNlWqhiGA%3D%3D&trackingId=McAOp%2FyUNq2%2BNpGGxJXL%2Bw%3D%3D&position=7&pageNum=9&trk=public_jobs_jserp-result_search-card,WATI,"Sacramento, CA",9 hours ago
MySQL Database Engineer,https://www.linkedin.com/jobs/view/mysql-database-engineer-at-trident-consulting-3635261733?refId=F2w2aB%2BNDzlQkqNlWqhiGA%3D%3D&trackingId=ZadX7KlRi2bugKlpwpVKGA%3D%3D&position=8&pageNum=9&trk=public_jobs_jserp-result_search-card,Trident Consulting,"South Santa Clara Valley, CA",19 hours ago
DevOps Engineer (100% Remote - Throughout US),https://www.linkedin.com/jobs/view/devops-engineer-100%25-remote-throughout-us-at-moody-s-corporation-3635769051?refId=F2w2aB%2BNDzlQkqNlWqhiGA%3D%3D&trackingId=z1m7rcfmHfF9cb3pmrjz6Q%3D%3D&position=9&pageNum=9&trk=public_jobs_jserp-result_search-card,Moody's Corporation,"New York, NY",1 day ago
"Application Support Analyst (Linux/Unix, SQL, Python)",https://www.linkedin.com/jobs/view/application-support-analyst-linux-unix-sql-python-at-software-guidance-assistance-inc-sga-inc-3630337563?refId=F2w2aB%2BNDzlQkqNlWqhiGA%3D%3D&trackingId=agaLBDyPcnr9J5WSV0g1CA%3D%3D&position=10&pageNum=9&trk=public_jobs_jserp-result_search-card,"Software Guidance & Assistance, Inc. (SGA, Inc.)","Irving, TX",19 hours ago
"Senior Software Engineer - Player Platform, Content Access Platform",https://www.linkedin.com/jobs/view/senior-software-engineer-player-platform-content-access-platform-at-riot-games-3635755022?refId=F2w2aB%2BNDzlQkqNlWqhiGA%3D%3D&trackingId=vPfc9FSuPC8ZOP7nNF5Fkg%3D%3D&position=11&pageNum=9&trk=public_jobs_jserp-result_search-card,Riot Games,"Los Angeles, CA",7 hours ago
Python Developer,https://www.linkedin.com/jobs/view/python-developer-at-dice-3633641058?refId=F2w2aB%2BNDzlQkqNlWqhiGA%3D%3D&trackingId=sHrO2MyWQD8x%2BK6sQf6vVg%3D%3D&position=12&pageNum=9&trk=public_jobs_jserp-result_search-card,Dice,"Charlotte, NC",2 days ago
Python+AWS Developer,https://www.linkedin.com/jobs/view/python%2Baws-developer-at-diverse-lynx-3635936755?refId=F2w2aB%2BNDzlQkqNlWqhiGA%3D%3D&trackingId=HI%2BG%2FHA2fjNJQeVKZ2DROg%3D%3D&position=13&pageNum=9&trk=public_jobs_jserp-result_search-card,Diverse Lynx,"Kansas City, MO",3 weeks ago
Senior Python Developer,https://www.linkedin.com/jobs/view/senior-python-developer-at-roots-automation-3628944963?refId=F2w2aB%2BNDzlQkqNlWqhiGA%3D%3D&trackingId=R%2F9AipAIjkny%2BJ2pF9xlyQ%3D%3D&position=14&pageNum=9&trk=public_jobs_jserp-result_search-card,Roots Automation,"New York, NY",3 days ago
Senior Cloud Software Engineer,https://www.linkedin.com/jobs/view/senior-cloud-software-engineer-at-cisco-3635747161?refId=F2w2aB%2BNDzlQkqNlWqhiGA%3D%3D&trackingId=aivbq8%2Fr4ydeNwQqwr4yfw%3D%3D&position=15&pageNum=9&trk=public_jobs_jserp-result_search-card,Cisco,"San Jose, CA",8 hours ago
Data Scientist with Python,https://www.linkedin.com/jobs/view/data-scientist-with-python-at-diverse-lynx-3635949450?refId=F2w2aB%2BNDzlQkqNlWqhiGA%3D%3D&trackingId=U50booigEVaYIbxBJ15%2FMw%3D%3D&position=16&pageNum=9&trk=public_jobs_jserp-result_search-card,Diverse Lynx,"West Chester, PA",3 weeks ago
Software Engineer,https://www.linkedin.com/jobs/view/software-engineer-at-lockheed-martin-3635522857?refId=F2w2aB%2BNDzlQkqNlWqhiGA%3D%3D&trackingId=LtTS2CAPXWSl4W4eK%2BjvbQ%3D%3D&position=17&pageNum=9&trk=public_jobs_jserp-result_search-card,Lockheed Martin,"Littleton, CO",13 hours ago
Software Engineer (Skill Level 0),https://www.linkedin.com/jobs/view/software-engineer-skill-level-0-at-lockheed-martin-3635529015?refId=F2w2aB%2BNDzlQkqNlWqhiGA%3D%3D&trackingId=2HMBdk27%2FWhroGWnjnHa%2Fg%3D%3D&position=18&pageNum=9&trk=public_jobs_jserp-result_search-card,Lockheed Martin,"Annapolis Junction, MD",3 weeks ago
Data Scientist with Python,https://www.linkedin.com/jobs/view/data-scientist-with-python-at-diverse-lynx-3635947221?refId=F2w2aB%2BNDzlQkqNlWqhiGA%3D%3D&trackingId=CETooPm8SduZ4b3MBUYaeg%3D%3D&position=19&pageNum=9&trk=public_jobs_jserp-result_search-card,Diverse Lynx,"Philadelphia, PA",3 weeks ago
Senior Data Analysis,https://www.linkedin.com/jobs/view/senior-data-analysis-at-at-t-3635751464?refId=F2w2aB%2BNDzlQkqNlWqhiGA%3D%3D&trackingId=MK6h9uSp87EWFFTCeS309g%3D%3D&position=20&pageNum=9&trk=public_jobs_jserp-result_search-card,AT&T,"Dallas, TX",1 week ago
AWS Cloud Engineer with AWS || Python || Terraform,https://www.linkedin.com/jobs/view/aws-cloud-engineer-with-aws-python-terraform-at-acetech-group-corporation-3634179085?refId=F2w2aB%2BNDzlQkqNlWqhiGA%3D%3D&trackingId=9NFMTaB0AIzO%2BSG23JP4dw%3D%3D&position=21&pageNum=9&trk=public_jobs_jserp-result_search-card,Acetech Group Corporation,"Salt Lake City, UT",9 hours ago
Python Team Lead,https://www.linkedin.com/jobs/view/python-team-lead-at-appcard-inc-3635792411?refId=F2w2aB%2BNDzlQkqNlWqhiGA%3D%3D&trackingId=I%2Bow8xl%2BYl2Jaq8bjTEUKg%3D%3D&position=22&pageNum=9&trk=public_jobs_jserp-result_search-card,"AppCard, Inc.","New York, NY",4 hours ago
Data Scientist with Python,https://www.linkedin.com/jobs/view/data-scientist-with-python-at-diverse-lynx-3635945702?refId=F2w2aB%2BNDzlQkqNlWqhiGA%3D%3D&trackingId=X2yQhnKM3nhYAbOipvhiTA%3D%3D&position=23&pageNum=9&trk=public_jobs_jserp-result_search-card,Diverse Lynx,"Philadelphia, PA",3 weeks ago
Data Engineer,https://www.linkedin.com/jobs/view/data-engineer-at-ezenius-inc-3634207071?refId=F2w2aB%2BNDzlQkqNlWqhiGA%3D%3D&trackingId=6buINWRS6LzoEn%2FfJKCXHw%3D%3D&position=24&pageNum=9&trk=public_jobs_jserp-result_search-card,"Ezenius, Inc","Reston, VA",1 day ago
"Solution Architect (Python, AWS)",https://www.linkedin.com/jobs/view/solution-architect-python-aws-at-genpact-3633765517?refId=F2w2aB%2BNDzlQkqNlWqhiGA%3D%3D&trackingId=ln9IeVBpn98iLbIJ3ZfZ5g%3D%3D&position=25&pageNum=9&trk=public_jobs_jserp-result_search-card,Genpact,"Richardson, TX",16 hours ago
